idx,t_us,evt,core,prio,task_id,aux,evt_name
0,49689200,2,0,1,0,0,SW_OUT
1,49689209,1,0,0,0,0,SW_IN
2,49689970,3,0,0,0,0,TICK
3,49690970,3,0,0,0,0,TICK
4,49691972,3,0,0,0,0,TICK
5,49691980,2,0,0,0,0,SW_OUT
6,49691989,1,0,1,1,0,SW_IN
7,49692969,3,0,1,1,0,TICK
8,49693972,3,0,1,1,0,TICK
9,49693979,2,0,1,1,0,SW_OUT
10,49693987,1,0,1,2,0,SW_IN
11,49694969,3,0,1,2,0,TICK
12,49694977,2,0,1,2,0,SW_OUT
13,49694985,1,0,1,1,0,SW_IN
14,49695969,3,0,1,1,0,TICK
15,49695977,2,0,1,1,0,SW_OUT
16,49695984,1,0,1,2,0,SW_IN
17,49696972,3,0,1,2,0,TICK
18,49696979,2,0,1,2,0,SW_OUT
19,49696987,1,0,1,1,0,SW_IN
20,49697969,3,0,1,1,0,TICK
21,49697977,2,0,1,1,0,SW_OUT
22,49697984,1,0,1,3,0,SW_IN
23,49698969,3,0,1,3,0,TICK
24,49698977,2,0,1,3,0,SW_OUT
25,49698985,1,0,1,2,0,SW_IN
26,49699969,3,0,1,2,0,TICK
27,49699977,2,0,1,2,0,SW_OUT
28,49699985,1,0,1,1,0,SW_IN
29,49700972,3,0,1,1,0,TICK
30,49700979,2,0,1,1,0,SW_OUT
31,49700987,1,0,1,3,0,SW_IN
32,49701969,3,0,1,3,0,TICK
33,49701977,2,0,1,3,0,SW_OUT
34,49701985,1,0,1,2,0,SW_IN
35,49702969,3,0,1,2,0,TICK
36,49702977,2,0,1,2,0,SW_OUT
37,49702985,1,0,1,4,0,SW_IN
38,49703969,3,0,1,4,0,TICK
39,49703977,2,0,1,4,0,SW_OUT
40,49703986,1,0,1,1,0,SW_IN
41,49704969,3,0,1,1,0,TICK
42,49704977,2,0,1,1,0,SW_OUT
43,49704984,1,0,1,3,0,SW_IN
44,49705972,3,0,1,3,0,TICK
45,49705979,2,0,1,3,0,SW_OUT
46,49705987,1,0,1,2,0,SW_IN
47,49706969,3,0,1,2,0,TICK
48,49706977,2,0,1,2,0,SW_OUT
49,49706985,1,0,1,4,0,SW_IN
50,49707969,3,0,1,4,0,TICK
51,49707977,2,0,1,4,0,SW_OUT
52,49707986,1,0,1,1,0,SW_IN
53,49708969,3,0,1,1,0,TICK
54,49708977,2,0,1,1,0,SW_OUT
55,49708984,1,0,1,5,0,SW_IN
56,49709969,3,0,1,5,0,TICK
57,49709978,2,0,1,5,0,SW_OUT
58,49709986,1,0,1,3,0,SW_IN
59,49710969,3,0,1,3,0,TICK
60,49710977,2,0,1,3,0,SW_OUT
61,49710985,1,0,1,2,0,SW_IN
62,49711969,3,0,1,2,0,TICK
63,49711977,2,0,1,2,0,SW_OUT
64,49711985,1,0,1,4,0,SW_IN
65,49712969,3,0,1,4,0,TICK
66,49712977,2,0,1,4,0,SW_OUT
67,49712986,1,0,1,1,0,SW_IN
68,49713969,3,0,1,1,0,TICK
69,49713977,2,0,1,1,0,SW_OUT
70,49713984,1,0,1,5,0,SW_IN
71,49714969,3,0,1,5,0,TICK
72,49714977,2,0,1,5,0,SW_OUT
73,49714986,1,0,1,3,0,SW_IN
74,49715969,3,0,1,3,0,TICK
75,49715977,2,0,1,3,0,SW_OUT
76,49715985,1,0,1,2,0,SW_IN
77,49716969,3,0,1,2,0,TICK
78,49716977,2,0,1,2,0,SW_OUT
79,49716985,1,0,1,4,0,SW_IN
80,49717969,3,0,1,4,0,TICK
81,49717977,2,0,1,4,0,SW_OUT
82,49717986,1,0,1,1,0,SW_IN
83,49718639,2,0,1,1,0,SW_OUT
84,49718647,1,0,1,5,0,SW_IN
85,49718969,3,0,1,5,0,TICK
86,49718978,2,0,1,5,0,SW_OUT
87,49718986,1,0,1,3,0,SW_IN
88,49719969,3,0,1,3,0,TICK
89,49719977,2,0,1,3,0,SW_OUT
90,49719985,1,0,1,2,0,SW_IN
91,49720969,3,0,1,2,0,TICK
92,49720977,2,0,1,2,0,SW_OUT
93,49720985,1,0,1,4,0,SW_IN
94,49721969,3,0,1,4,0,TICK
95,49721977,2,0,1,4,0,SW_OUT
96,49721986,1,0,1,5,0,SW_IN
97,49722969,3,0,1,5,0,TICK
98,49722977,2,0,1,5,0,SW_OUT
99,49722986,1,0,1,3,0,SW_IN
100,49723969,3,0,1,3,0,TICK
101,49723977,2,0,1,3,0,SW_OUT
102,49723985,1,0,1,2,0,SW_IN
103,49724653,2,0,1,2,0,SW_OUT
104,49724661,1,0,1,4,0,SW_IN
105,49724969,3,0,1,4,0,TICK
106,49724977,2,0,1,4,0,SW_OUT
107,49724986,1,0,1,5,0,SW_IN
108,49725969,3,0,1,5,0,TICK
109,49725978,2,0,1,5,0,SW_OUT
110,49725986,1,0,1,3,0,SW_IN
111,49726969,3,0,1,3,0,TICK
112,49726977,2,0,1,3,0,SW_OUT
113,49726985,1,0,1,4,0,SW_IN
114,49727969,3,0,1,4,0,TICK
115,49727977,2,0,1,4,0,SW_OUT
116,49727986,1,0,1,5,0,SW_IN
117,49728969,3,0,1,5,0,TICK
118,49728977,2,0,1,5,0,SW_OUT
119,49728986,1,0,1,3,0,SW_IN
120,49729657,2,0,1,3,0,SW_OUT
121,49729665,1,0,1,4,0,SW_IN
122,49729969,3,0,1,4,0,TICK
123,49729977,2,0,1,4,0,SW_OUT
124,49729986,1,0,1,5,0,SW_IN
125,49730969,3,0,1,5,0,TICK
126,49730978,2,0,1,5,0,SW_OUT
127,49730986,1,0,1,4,0,SW_IN
128,49731969,3,0,1,4,0,TICK
129,49731977,2,0,1,4,0,SW_OUT
130,49731986,1,0,1,5,0,SW_IN
131,49732969,3,0,1,5,0,TICK
132,49732977,2,0,1,5,0,SW_OUT
133,49732986,1,0,1,4,0,SW_IN
134,49733971,3,0,1,4,0,TICK
135,49733979,2,0,1,4,0,SW_OUT
136,49733987,1,0,1,5,0,SW_IN
137,49734969,3,0,1,5,0,TICK
138,49734977,2,0,1,5,0,SW_OUT
139,49734986,1,0,1,4,0,SW_IN
140,49735074,2,0,1,4,0,SW_OUT
141,49735083,1,0,1,5,0,SW_IN
142,49735451,2,0,1,5,0,SW_OUT
143,49735459,1,0,0,0,0,SW_IN
144,49735970,3,0,0,0,0,TICK
145,49736970,3,0,0,0,0,TICK
146,49737970,3,0,0,0,0,TICK
147,49738972,3,0,0,0,0,TICK
148,49738980,2,0,0,0,0,SW_OUT
149,49738989,1,0,1,0,0,SW_IN
150,49741877,3,0,1,0,0,TICK
151,49741887,3,0,1,0,0,TICK
152,49741972,3,0,1,0,0,TICK
153,49741982,2,0,1,0,0,SW_OUT
154,49741991,1,0,1,1,0,SW_IN
155,49742969,3,0,1,1,0,TICK
156,49743972,3,0,1,1,0,TICK
157,49743979,2,0,1,1,0,SW_OUT
158,49743987,1,0,1,2,0,SW_IN
159,49744969,3,0,1,2,0,TICK
160,49744977,2,0,1,2,0,SW_OUT
161,49744985,1,0,1,1,0,SW_IN
162,49745969,3,0,1,1,0,TICK
163,49745977,2,0,1,1,0,SW_OUT
164,49745984,1,0,1,2,0,SW_IN
165,49746972,3,0,1,2,0,TICK
166,49746979,2,0,1,2,0,SW_OUT
167,49746987,1,0,1,1,0,SW_IN
168,49747969,3,0,1,1,0,TICK
169,49747977,2,0,1,1,0,SW_OUT
170,49747984,1,0,1,3,0,SW_IN
171,49748969,3,0,1,3,0,TICK
172,49748977,2,0,1,3,0,SW_OUT
173,49748985,1,0,1,2,0,SW_IN
174,49749969,3,0,1,2,0,TICK
175,49749977,2,0,1,2,0,SW_OUT
176,49749985,1,0,1,1,0,SW_IN
177,49750972,3,0,1,1,0,TICK
178,49750979,2,0,1,1,0,SW_OUT
179,49750987,1,0,1,3,0,SW_IN
180,49751969,3,0,1,3,0,TICK
181,49751977,2,0,1,3,0,SW_OUT
182,49751985,1,0,1,2,0,SW_IN
183,49752969,3,0,1,2,0,TICK
184,49752977,2,0,1,2,0,SW_OUT
185,49752985,1,0,1,4,0,SW_IN
186,49753969,3,0,1,4,0,TICK
187,49753977,2,0,1,4,0,SW_OUT
188,49753986,1,0,1,1,0,SW_IN
189,49754969,3,0,1,1,0,TICK
190,49754977,2,0,1,1,0,SW_OUT
191,49754984,1,0,1,3,0,SW_IN
192,49755972,3,0,1,3,0,TICK
193,49755979,2,0,1,3,0,SW_OUT
194,49755987,1,0,1,2,0,SW_IN
195,49756969,3,0,1,2,0,TICK
196,49756977,2,0,1,2,0,SW_OUT
197,49756985,1,0,1,4,0,SW_IN
198,49757969,3,0,1,4,0,TICK
199,49757977,2,0,1,4,0,SW_OUT
200,49757986,1,0,1,1,0,SW_IN
201,49758969,3,0,1,1,0,TICK
202,49758977,2,0,1,1,0,SW_OUT
203,49758984,1,0,1,5,0,SW_IN
204,49759969,3,0,1,5,0,TICK
205,49759978,2,0,1,5,0,SW_OUT
206,49759986,1,0,1,3,0,SW_IN
207,49760969,3,0,1,3,0,TICK
208,49760977,2,0,1,3,0,SW_OUT
209,49760985,1,0,1,2,0,SW_IN
210,49761969,3,0,1,2,0,TICK
211,49761977,2,0,1,2,0,SW_OUT
212,49761985,1,0,1,4,0,SW_IN
213,49762969,3,0,1,4,0,TICK
214,49762977,2,0,1,4,0,SW_OUT
215,49762986,1,0,1,1,0,SW_IN
216,49763969,3,0,1,1,0,TICK
217,49763977,2,0,1,1,0,SW_OUT
218,49763984,1,0,1,5,0,SW_IN
219,49764969,3,0,1,5,0,TICK
220,49764977,2,0,1,5,0,SW_OUT
221,49764986,1,0,1,3,0,SW_IN
222,49765969,3,0,1,3,0,TICK
223,49765977,2,0,1,3,0,SW_OUT
224,49765985,1,0,1,2,0,SW_IN
225,49766969,3,0,1,2,0,TICK
226,49766977,2,0,1,2,0,SW_OUT
227,49766985,1,0,1,4,0,SW_IN
228,49767969,3,0,1,4,0,TICK
229,49767977,2,0,1,4,0,SW_OUT
230,49767986,1,0,1,1,0,SW_IN
231,49768641,2,0,1,1,0,SW_OUT
232,49768649,1,0,1,5,0,SW_IN
233,49768969,3,0,1,5,0,TICK
234,49768978,2,0,1,5,0,SW_OUT
235,49768986,1,0,1,3,0,SW_IN
236,49769969,3,0,1,3,0,TICK
237,49769977,2,0,1,3,0,SW_OUT
238,49769985,1,0,1,2,0,SW_IN
239,49770969,3,0,1,2,0,TICK
240,49770977,2,0,1,2,0,SW_OUT
241,49770985,1,0,1,4,0,SW_IN
242,49771969,3,0,1,4,0,TICK
243,49771977,2,0,1,4,0,SW_OUT
244,49771986,1,0,1,5,0,SW_IN
245,49772969,3,0,1,5,0,TICK
246,49772977,2,0,1,5,0,SW_OUT
247,49772986,1,0,1,3,0,SW_IN
248,49773969,3,0,1,3,0,TICK
249,49773977,2,0,1,3,0,SW_OUT
250,49773985,1,0,1,2,0,SW_IN
251,49774653,2,0,1,2,0,SW_OUT
252,49774661,1,0,1,4,0,SW_IN
253,49774969,3,0,1,4,0,TICK
254,49774977,2,0,1,4,0,SW_OUT
255,49774986,1,0,1,5,0,SW_IN
256,49775969,3,0,1,5,0,TICK
257,49775978,2,0,1,5,0,SW_OUT
258,49775986,1,0,1,3,0,SW_IN
259,49776969,3,0,1,3,0,TICK
260,49776977,2,0,1,3,0,SW_OUT
261,49776985,1,0,1,4,0,SW_IN
262,49777969,3,0,1,4,0,TICK
263,49777977,2,0,1,4,0,SW_OUT
264,49777986,1,0,1,5,0,SW_IN
265,49778969,3,0,1,5,0,TICK
266,49778977,2,0,1,5,0,SW_OUT
267,49778986,1,0,1,3,0,SW_IN
268,49779657,2,0,1,3,0,SW_OUT
269,49779665,1,0,1,4,0,SW_IN
270,49779969,3,0,1,4,0,TICK
271,49779977,2,0,1,4,0,SW_OUT
272,49779986,1,0,1,5,0,SW_IN
273,49780969,3,0,1,5,0,TICK
274,49780978,2,0,1,5,0,SW_OUT
275,49780986,1,0,1,4,0,SW_IN
276,49781969,3,0,1,4,0,TICK
277,49781977,2,0,1,4,0,SW_OUT
278,49781986,1,0,1,5,0,SW_IN
279,49782969,3,0,1,5,0,TICK
280,49782977,2,0,1,5,0,SW_OUT
281,49782986,1,0,1,4,0,SW_IN
282,49783971,3,0,1,4,0,TICK
283,49783978,2,0,1,4,0,SW_OUT
284,49783987,1,0,1,5,0,SW_IN
285,49784969,3,0,1,5,0,TICK
286,49784977,2,0,1,5,0,SW_OUT
287,49784986,1,0,1,4,0,SW_IN
288,49785074,2,0,1,4,0,SW_OUT
289,49785082,1,0,1,5,0,SW_IN
290,49785452,2,0,1,5,0,SW_OUT
291,49785460,1,0,0,0,0,SW_IN
292,49785970,3,0,0,0,0,TICK
293,49786970,3,0,0,0,0,TICK
294,49787970,3,0,0,0,0,TICK
295,49788970,3,0,0,0,0,TICK
296,49789970,3,0,0,0,0,TICK
297,49790972,3,0,0,0,0,TICK
298,49790980,2,0,0,0,0,SW_OUT
299,49790989,1,0,1,0,0,SW_IN
300,49791198,2,0,1,0,0,SW_OUT
301,49791207,1,0,0,0,0,SW_IN
302,49791972,3,0,0,0,0,TICK
303,49791980,2,0,0,0,0,SW_OUT
304,49791989,1,0,1,1,0,SW_IN
305,49792969,3,0,1,1,0,TICK
306,49793972,3,0,1,1,0,TICK
307,49793979,2,0,1,1,0,SW_OUT
308,49793987,1,0,1,2,0,SW_IN
309,49794969,3,0,1,2,0,TICK
310,49794977,2,0,1,2,0,SW_OUT
311,49794985,1,0,1,1,0,SW_IN
312,49795969,3,0,1,1,0,TICK
313,49795977,2,0,1,1,0,SW_OUT
314,49795984,1,0,1,2,0,SW_IN
315,49796972,3,0,1,2,0,TICK
316,49796979,2,0,1,2,0,SW_OUT
317,49796987,1,0,1,1,0,SW_IN
318,49797969,3,0,1,1,0,TICK
319,49797977,2,0,1,1,0,SW_OUT
320,49797984,1,0,1,3,0,SW_IN
321,49798969,3,0,1,3,0,TICK
322,49798977,2,0,1,3,0,SW_OUT
323,49798985,1,0,1,2,0,SW_IN
324,49799969,3,0,1,2,0,TICK
325,49799977,2,0,1,2,0,SW_OUT
326,49799985,1,0,1,1,0,SW_IN
327,49800972,3,0,1,1,0,TICK
328,49800979,2,0,1,1,0,SW_OUT
329,49800987,1,0,1,3,0,SW_IN
330,49801969,3,0,1,3,0,TICK
331,49801977,2,0,1,3,0,SW_OUT
332,49801985,1,0,1,2,0,SW_IN
333,49802969,3,0,1,2,0,TICK
334,49802977,2,0,1,2,0,SW_OUT
335,49802985,1,0,1,4,0,SW_IN
336,49803969,3,0,1,4,0,TICK
337,49803977,2,0,1,4,0,SW_OUT
338,49803986,1,0,1,1,0,SW_IN
339,49804969,3,0,1,1,0,TICK
340,49804977,2,0,1,1,0,SW_OUT
341,49804984,1,0,1,3,0,SW_IN
342,49805972,3,0,1,3,0,TICK
343,49805979,2,0,1,3,0,SW_OUT
344,49805987,1,0,1,2,0,SW_IN
345,49806969,3,0,1,2,0,TICK
346,49806977,2,0,1,2,0,SW_OUT
347,49806985,1,0,1,4,0,SW_IN
348,49807969,3,0,1,4,0,TICK
349,49807977,2,0,1,4,0,SW_OUT
350,49807986,1,0,1,1,0,SW_IN
351,49808969,3,0,1,1,0,TICK
352,49808977,2,0,1,1,0,SW_OUT
353,49808984,1,0,1,5,0,SW_IN
354,49809969,3,0,1,5,0,TICK
355,49809978,2,0,1,5,0,SW_OUT
356,49809986,1,0,1,3,0,SW_IN
357,49810969,3,0,1,3,0,TICK
358,49810977,2,0,1,3,0,SW_OUT
359,49810985,1,0,1,2,0,SW_IN
360,49811969,3,0,1,2,0,TICK
361,49811977,2,0,1,2,0,SW_OUT
362,49811985,1,0,1,4,0,SW_IN
363,49812969,3,0,1,4,0,TICK
364,49812977,2,0,1,4,0,SW_OUT
365,49812986,1,0,1,1,0,SW_IN
366,49813969,3,0,1,1,0,TICK
367,49813977,2,0,1,1,0,SW_OUT
368,49813984,1,0,1,5,0,SW_IN
369,49814969,3,0,1,5,0,TICK
370,49814977,2,0,1,5,0,SW_OUT
371,49814986,1,0,1,3,0,SW_IN
372,49815969,3,0,1,3,0,TICK
373,49815977,2,0,1,3,0,SW_OUT
374,49815985,1,0,1,2,0,SW_IN
375,49816969,3,0,1,2,0,TICK
376,49816977,2,0,1,2,0,SW_OUT
377,49816985,1,0,1,4,0,SW_IN
378,49817969,3,0,1,4,0,TICK
379,49817977,2,0,1,4,0,SW_OUT
380,49817986,1,0,1,1,0,SW_IN
381,49818639,2,0,1,1,0,SW_OUT
382,49818647,1,0,1,5,0,SW_IN
383,49818969,3,0,1,5,0,TICK
384,49818978,2,0,1,5,0,SW_OUT
385,49818986,1,0,1,3,0,SW_IN
386,49819969,3,0,1,3,0,TICK
387,49819977,2,0,1,3,0,SW_OUT
388,49819985,1,0,1,2,0,SW_IN
389,49820969,3,0,1,2,0,TICK
390,49820977,2,0,1,2,0,SW_OUT
391,49820985,1,0,1,4,0,SW_IN
392,49821969,3,0,1,4,0,TICK
393,49821977,2,0,1,4,0,SW_OUT
394,49821986,1,0,1,5,0,SW_IN
395,49822969,3,0,1,5,0,TICK
396,49822977,2,0,1,5,0,SW_OUT
397,49822986,1,0,1,3,0,SW_IN
398,49823969,3,0,1,3,0,TICK
399,49823977,2,0,1,3,0,SW_OUT
400,49823985,1,0,1,2,0,SW_IN
401,49824653,2,0,1,2,0,SW_OUT
402,49824661,1,0,1,4,0,SW_IN
403,49824969,3,0,1,4,0,TICK
404,49824977,2,0,1,4,0,SW_OUT
405,49824986,1,0,1,5,0,SW_IN
406,49825969,3,0,1,5,0,TICK
407,49825978,2,0,1,5,0,SW_OUT
408,49825986,1,0,1,3,0,SW_IN
409,49826969,3,0,1,3,0,TICK
410,49826977,2,0,1,3,0,SW_OUT
411,49826985,1,0,1,4,0,SW_IN
412,49827969,3,0,1,4,0,TICK
413,49827977,2,0,1,4,0,SW_OUT
414,49827986,1,0,1,5,0,SW_IN
415,49828969,3,0,1,5,0,TICK
416,49828977,2,0,1,5,0,SW_OUT
417,49828986,1,0,1,3,0,SW_IN
418,49829657,2,0,1,3,0,SW_OUT
419,49829665,1,0,1,4,0,SW_IN
420,49829969,3,0,1,4,0,TICK
421,49829977,2,0,1,4,0,SW_OUT
422,49829986,1,0,1,5,0,SW_IN
423,49830969,3,0,1,5,0,TICK
424,49830978,2,0,1,5,0,SW_OUT
425,49830986,1,0,1,4,0,SW_IN
426,49831969,3,0,1,4,0,TICK
427,49831977,2,0,1,4,0,SW_OUT
428,49831986,1,0,1,5,0,SW_IN
429,49832969,3,0,1,5,0,TICK
430,49832977,2,0,1,5,0,SW_OUT
431,49832986,1,0,1,4,0,SW_IN
432,49833971,3,0,1,4,0,TICK
433,49833978,2,0,1,4,0,SW_OUT
434,49833987,1,0,1,5,0,SW_IN
435,49834969,3,0,1,5,0,TICK
436,49834977,2,0,1,5,0,SW_OUT
437,49834986,1,0,1,4,0,SW_IN
438,49835074,2,0,1,4,0,SW_OUT
439,49835082,1,0,1,5,0,SW_IN
440,49835450,2,0,1,5,0,SW_OUT
441,49835458,1,0,0,0,0,SW_IN
442,49835970,3,0,0,0,0,TICK
443,49836970,3,0,0,0,0,TICK
444,49837970,3,0,0,0,0,TICK
445,49838970,3,0,0,0,0,TICK
446,49839970,3,0,0,0,0,TICK
447,49840972,3,0,0,0,0,TICK
448,49840980,2,0,0,0,0,SW_OUT
449,49840989,1,0,1,0,0,SW_IN
450,49841200,2,0,1,0,0,SW_OUT
451,49841209,1,0,0,0,0,SW_IN
452,49841972,3,0,0,0,0,TICK
453,49841980,2,0,0,0,0,SW_OUT
454,49841989,1,0,1,1,0,SW_IN
455,49842969,3,0,1,1,0,TICK
456,49843972,3,0,1,1,0,TICK
457,49843979,2,0,1,1,0,SW_OUT
458,49843987,1,0,1,2,0,SW_IN
459,49844969,3,0,1,2,0,TICK
460,49844977,2,0,1,2,0,SW_OUT
461,49844985,1,0,1,1,0,SW_IN
462,49845969,3,0,1,1,0,TICK
463,49845977,2,0,1,1,0,SW_OUT
464,49845984,1,0,1,2,0,SW_IN
465,49846972,3,0,1,2,0,TICK
466,49846979,2,0,1,2,0,SW_OUT
467,49846987,1,0,1,1,0,SW_IN
468,49847969,3,0,1,1,0,TICK
469,49847977,2,0,1,1,0,SW_OUT
470,49847984,1,0,1,3,0,SW_IN
471,49848969,3,0,1,3,0,TICK
472,49848977,2,0,1,3,0,SW_OUT
473,49848985,1,0,1,2,0,SW_IN
474,49849969,3,0,1,2,0,TICK
475,49849977,2,0,1,2,0,SW_OUT
476,49849985,1,0,1,1,0,SW_IN
477,49850972,3,0,1,1,0,TICK
478,49850979,2,0,1,1,0,SW_OUT
479,49850987,1,0,1,3,0,SW_IN
480,49851969,3,0,1,3,0,TICK
481,49851977,2,0,1,3,0,SW_OUT
482,49851985,1,0,1,2,0,SW_IN
483,49852969,3,0,1,2,0,TICK
484,49852977,2,0,1,2,0,SW_OUT
485,49852985,1,0,1,4,0,SW_IN
486,49853969,3,0,1,4,0,TICK
487,49853977,2,0,1,4,0,SW_OUT
488,49853986,1,0,1,1,0,SW_IN
489,49854969,3,0,1,1,0,TICK
490,49854977,2,0,1,1,0,SW_OUT
491,49854984,1,0,1,3,0,SW_IN
492,49855972,3,0,1,3,0,TICK
493,49855979,2,0,1,3,0,SW_OUT
494,49855987,1,0,1,2,0,SW_IN
495,49856969,3,0,1,2,0,TICK
496,49856977,2,0,1,2,0,SW_OUT
497,49856985,1,0,1,4,0,SW_IN
498,49857969,3,0,1,4,0,TICK
499,49857977,2,0,1,4,0,SW_OUT
500,49857986,1,0,1,1,0,SW_IN
501,49858969,3,0,1,1,0,TICK
502,49858977,2,0,1,1,0,SW_OUT
503,49858984,1,0,1,5,0,SW_IN
504,49859969,3,0,1,5,0,TICK
505,49859978,2,0,1,5,0,SW_OUT
506,49859986,1,0,1,3,0,SW_IN
507,49860969,3,0,1,3,0,TICK
508,49860977,2,0,1,3,0,SW_OUT
509,49860985,1,0,1,2,0,SW_IN
510,49861969,3,0,1,2,0,TICK
511,49861977,2,0,1,2,0,SW_OUT
512,49861985,1,0,1,4,0,SW_IN
513,49862969,3,0,1,4,0,TICK
514,49862977,2,0,1,4,0,SW_OUT
515,49862986,1,0,1,1,0,SW_IN
516,49863969,3,0,1,1,0,TICK
517,49863977,2,0,1,1,0,SW_OUT
518,49863984,1,0,1,5,0,SW_IN
519,49864969,3,0,1,5,0,TICK
520,49864977,2,0,1,5,0,SW_OUT
521,49864986,1,0,1,3,0,SW_IN
522,49865969,3,0,1,3,0,TICK
523,49865977,2,0,1,3,0,SW_OUT
524,49865985,1,0,1,2,0,SW_IN
525,49866969,3,0,1,2,0,TICK
526,49866977,2,0,1,2,0,SW_OUT
527,49866985,1,0,1,4,0,SW_IN
528,49867969,3,0,1,4,0,TICK
529,49867977,2,0,1,4,0,SW_OUT
530,49867986,1,0,1,1,0,SW_IN
531,49868639,2,0,1,1,0,SW_OUT
532,49868647,1,0,1,5,0,SW_IN
533,49868969,3,0,1,5,0,TICK
534,49868977,2,0,1,5,0,SW_OUT
535,49868986,1,0,1,3,0,SW_IN
536,49869969,3,0,1,3,0,TICK
537,49869977,2,0,1,3,0,SW_OUT
538,49869985,1,0,1,2,0,SW_IN
539,49870969,3,0,1,2,0,TICK
540,49870977,2,0,1,2,0,SW_OUT
541,49870985,1,0,1,4,0,SW_IN
542,49871969,3,0,1,4,0,TICK
543,49871977,2,0,1,4,0,SW_OUT
544,49871986,1,0,1,5,0,SW_IN
545,49872969,3,0,1,5,0,TICK
546,49872977,2,0,1,5,0,SW_OUT
547,49872986,1,0,1,3,0,SW_IN
548,49873969,3,0,1,3,0,TICK
549,49873977,2,0,1,3,0,SW_OUT
550,49873985,1,0,1,2,0,SW_IN
551,49874653,2,0,1,2,0,SW_OUT
552,49874661,1,0,1,4,0,SW_IN
553,49874969,3,0,1,4,0,TICK
554,49874977,2,0,1,4,0,SW_OUT
555,49874986,1,0,1,5,0,SW_IN
556,49875969,3,0,1,5,0,TICK
557,49875977,2,0,1,5,0,SW_OUT
558,49875986,1,0,1,3,0,SW_IN
559,49876969,3,0,1,3,0,TICK
560,49876977,2,0,1,3,0,SW_OUT
561,49876985,1,0,1,4,0,SW_IN
562,49877969,3,0,1,4,0,TICK
563,49877977,2,0,1,4,0,SW_OUT
564,49877986,1,0,1,5,0,SW_IN
565,49878969,3,0,1,5,0,TICK
566,49878977,2,0,1,5,0,SW_OUT
567,49878986,1,0,1,3,0,SW_IN
568,49879657,2,0,1,3,0,SW_OUT
569,49879665,1,0,1,4,0,SW_IN
570,49879969,3,0,1,4,0,TICK
571,49879977,2,0,1,4,0,SW_OUT
572,49879986,1,0,1,5,0,SW_IN
573,49880969,3,0,1,5,0,TICK
574,49880977,2,0,1,5,0,SW_OUT
575,49880986,1,0,1,4,0,SW_IN
576,49881969,3,0,1,4,0,TICK
577,49881977,2,0,1,4,0,SW_OUT
578,49881986,1,0,1,5,0,SW_IN
579,49882969,3,0,1,5,0,TICK
580,49882978,2,0,1,5,0,SW_OUT
581,49882986,1,0,1,4,0,SW_IN
582,49883970,3,0,1,4,0,TICK
583,49883978,2,0,1,4,0,SW_OUT
584,49883987,1,0,1,5,0,SW_IN
585,49884969,3,0,1,5,0,TICK
586,49884977,2,0,1,5,0,SW_OUT
587,49884986,1,0,1,4,0,SW_IN
588,49885073,2,0,1,4,0,SW_OUT
589,49885082,1,0,1,5,0,SW_IN
590,49885449,2,0,1,5,0,SW_OUT
591,49885458,1,0,0,0,0,SW_IN
592,49885970,3,0,0,0,0,TICK
593,49886970,3,0,0,0,0,TICK
594,49887970,3,0,0,0,0,TICK
595,49888970,3,0,0,0,0,TICK
596,49889970,3,0,0,0,0,TICK
597,49890972,3,0,0,0,0,TICK
598,49890980,2,0,0,0,0,SW_OUT
599,49890989,1,0,1,0,0,SW_IN
600,49891200,2,0,1,0,0,SW_OUT
601,49891209,1,0,0,0,0,SW_IN
602,49891972,3,0,0,0,0,TICK
603,49891980,2,0,0,0,0,SW_OUT
604,49891989,1,0,1,1,0,SW_IN
605,49892969,3,0,1,1,0,TICK
606,49893972,3,0,1,1,0,TICK
607,49893979,2,0,1,1,0,SW_OUT
608,49893987,1,0,1,2,0,SW_IN
609,49894969,3,0,1,2,0,TICK
610,49894977,2,0,1,2,0,SW_OUT
611,49894985,1,0,1,1,0,SW_IN
612,49895969,3,0,1,1,0,TICK
613,49895977,2,0,1,1,0,SW_OUT
614,49895984,1,0,1,2,0,SW_IN
615,49896972,3,0,1,2,0,TICK
616,49896979,2,0,1,2,0,SW_OUT
617,49896987,1,0,1,1,0,SW_IN
618,49897969,3,0,1,1,0,TICK
619,49897977,2,0,1,1,0,SW_OUT
620,49897984,1,0,1,3,0,SW_IN
621,49938223,3,0,1,3,0,TICK
622,49938232,3,0,1,3,0,TICK
623,49938244,3,0,1,3,0,TICK
624,49938253,3,0,1,3,0,TICK
625,49938262,3,0,1,3,0,TICK
626,49938271,3,0,1,3,0,TICK
627,49938280,3,0,1,3,0,TICK
628,49938291,3,0,1,3,0,TICK
629,49938300,3,0,1,3,0,TICK
630,49938309,3,0,1,3,0,TICK
631,49938319,3,0,1,3,0,TICK
632,49938328,3,0,1,3,0,TICK
633,49938337,3,0,1,3,0,TICK
634,49938346,3,0,1,3,0,TICK
635,49938355,3,0,1,3,0,TICK
636,49938364,3,0,1,3,0,TICK
637,49938373,3,0,1,3,0,TICK
638,49938382,3,0,1,3,0,TICK
639,49938391,3,0,1,3,0,TICK
640,49938400,3,0,1,3,0,TICK
641,49938410,3,0,1,3,0,TICK
642,49938419,3,0,1,3,0,TICK
643,49938428,3,0,1,3,0,TICK
644,49938437,3,0,1,3,0,TICK
645,49938446,3,0,1,3,0,TICK
646,49938455,3,0,1,3,0,TICK
647,49938464,3,0,1,3,0,TICK
648,49938473,3,0,1,3,0,TICK
649,49938482,3,0,1,3,0,TICK
650,49938491,3,0,1,3,0,TICK
651,49938501,3,0,1,3,0,TICK
652,49938510,3,0,1,3,0,TICK
653,49938519,3,0,1,3,0,TICK
654,49938528,3,0,1,3,0,TICK
655,49938537,3,0,1,3,0,TICK
656,49938546,3,0,1,3,0,TICK
657,49938555,3,0,1,3,0,TICK
658,49938564,3,0,1,3,0,TICK
659,49938573,3,0,1,3,0,TICK
660,49938582,3,0,1,3,0,TICK
661,49938590,2,0,1,3,0,SW_OUT
662,49938598,1,0,1,2,0,SW_IN
663,49938970,3,0,1,2,0,TICK
664,49938977,2,0,1,2,0,SW_OUT
665,49938985,1,0,1,1,0,SW_IN
666,49939969,3,0,1,1,0,TICK
667,49939977,2,0,1,1,0,SW_OUT
668,49939984,1,0,1,4,0,SW_IN
669,49940972,3,0,1,4,0,TICK
670,49940979,2,0,1,4,0,SW_OUT
671,49940988,1,0,1,5,0,SW_IN
672,49941969,3,0,1,5,0,TICK
673,49941977,2,0,1,5,0,SW_OUT
674,49941986,1,0,1,3,0,SW_IN
675,49942969,3,0,1,3,0,TICK
676,49942977,2,0,1,3,0,SW_OUT
677,49942985,1,0,1,2,0,SW_IN
678,49943969,3,0,1,2,0,TICK
679,49943977,2,0,1,2,0,SW_OUT
680,49943985,1,0,1,1,0,SW_IN
681,49944969,3,0,1,1,0,TICK
682,49944977,2,0,1,1,0,SW_OUT
683,49944985,1,0,1,0,0,SW_IN
684,49945110,2,0,1,0,0,SW_OUT
685,49945119,1,0,1,4,0,SW_IN
686,49945969,3,0,1,4,0,TICK
687,49945977,2,0,1,4,0,SW_OUT
688,49945986,1,0,1,5,0,SW_IN
689,49946969,3,0,1,5,0,TICK
690,49946978,2,0,1,5,0,SW_OUT
691,49946986,1,0,1,3,0,SW_IN
692,49947969,3,0,1,3,0,TICK
693,49947977,2,0,1,3,0,SW_OUT
694,49947985,1,0,1,2,0,SW_IN
695,49948969,3,0,1,2,0,TICK
696,49948977,2,0,1,2,0,SW_OUT
697,49948985,1,0,1,1,0,SW_IN
698,49949969,3,0,1,1,0,TICK
699,49949977,2,0,1,1,0,SW_OUT
700,49949984,1,0,1,4,0,SW_IN
701,49950969,3,0,1,4,0,TICK
702,49950977,2,0,1,4,0,SW_OUT
703,49950986,1,0,1,5,0,SW_IN
704,49951969,3,0,1,5,0,TICK
705,49951977,2,0,1,5,0,SW_OUT
706,49951986,1,0,1,3,0,SW_IN
707,49952969,3,0,1,3,0,TICK
708,49952977,2,0,1,3,0,SW_OUT
709,49952985,1,0,1,2,0,SW_IN
710,49953969,3,0,1,2,0,TICK
711,49953977,2,0,1,2,0,SW_OUT
712,49953985,1,0,1,1,0,SW_IN
713,49954969,3,0,1,1,0,TICK
714,49954977,2,0,1,1,0,SW_OUT
715,49954985,1,0,1,4,0,SW_IN
716,49955969,3,0,1,4,0,TICK
717,49955977,2,0,1,4,0,SW_OUT
718,49955986,1,0,1,5,0,SW_IN
719,49956969,3,0,1,5,0,TICK
720,49956978,2,0,1,5,0,SW_OUT
721,49956986,1,0,1,3,0,SW_IN
722,49957969,3,0,1,3,0,TICK
723,49957977,2,0,1,3,0,SW_OUT
724,49957985,1,0,1,2,0,SW_IN
725,49958969,3,0,1,2,0,TICK
726,49958977,2,0,1,2,0,SW_OUT
727,49958985,1,0,1,1,0,SW_IN
728,49959634,2,0,1,1,0,SW_OUT
729,49959642,1,0,1,4,0,SW_IN
730,49959969,3,0,1,4,0,TICK
731,49959977,2,0,1,4,0,SW_OUT
732,49959986,1,0,1,5,0,SW_IN
733,49960969,3,0,1,5,0,TICK
734,49960978,2,0,1,5,0,SW_OUT
735,49960986,1,0,1,3,0,SW_IN
736,49961969,3,0,1,3,0,TICK
737,49961977,2,0,1,3,0,SW_OUT
738,49961985,1,0,1,2,0,SW_IN
739,49962969,3,0,1,2,0,TICK
740,49962977,2,0,1,2,0,SW_OUT
741,49962985,1,0,1,1,0,SW_IN
742,49963969,3,0,1,1,0,TICK
743,49963977,2,0,1,1,0,SW_OUT
744,49963985,1,0,1,4,0,SW_IN
745,49964969,3,0,1,4,0,TICK
746,49964977,2,0,1,4,0,SW_OUT
747,49964986,1,0,1,5,0,SW_IN
748,49965969,3,0,1,5,0,TICK
749,49965978,2,0,1,5,0,SW_OUT
750,49965986,1,0,1,3,0,SW_IN
751,49966969,3,0,1,3,0,TICK
752,49966977,2,0,1,3,0,SW_OUT
753,49966985,1,0,1,2,0,SW_IN
754,49967969,3,0,1,2,0,TICK
755,49967977,2,0,1,2,0,SW_OUT
756,49967985,1,0,1,1,0,SW_IN
757,49968969,3,0,1,1,0,TICK
758,49968977,2,0,1,1,0,SW_OUT
759,49968984,1,0,1,4,0,SW_IN
760,49969969,3,0,1,4,0,TICK
761,49969977,2,0,1,4,0,SW_OUT
762,49969986,1,0,1,5,0,SW_IN
763,49970969,3,0,1,5,0,TICK
764,49970978,2,0,1,5,0,SW_OUT
765,49970986,1,0,1,3,0,SW_IN
766,49971969,3,0,1,3,0,TICK
767,49971977,2,0,1,3,0,SW_OUT
768,49971985,1,0,1,2,0,SW_IN
769,49972292,2,0,1,2,0,SW_OUT
770,49972300,1,0,1,1,0,SW_IN
771,49972969,3,0,1,1,0,TICK
772,49972977,2,0,1,1,0,SW_OUT
773,49972984,1,0,1,4,0,SW_IN
774,49973969,3,0,1,4,0,TICK
775,49973977,2,0,1,4,0,SW_OUT
776,49973986,1,0,1,5,0,SW_IN
777,49974969,3,0,1,5,0,TICK
778,49974978,2,0,1,5,0,SW_OUT
779,49974986,1,0,1,3,0,SW_IN
780,49975850,2,0,1,3,0,SW_OUT
781,49975858,1,0,1,2,0,SW_IN
782,49975969,3,0,1,2,0,TICK
783,49975977,2,0,1,2,0,SW_OUT
784,49975985,1,0,1,1,0,SW_IN
785,49976969,3,0,1,1,0,TICK
786,49976977,2,0,1,1,0,SW_OUT
787,49976984,1,0,1,4,0,SW_IN
788,49977969,3,0,1,4,0,TICK
789,49977977,2,0,1,4,0,SW_OUT
790,49977986,1,0,1,5,0,SW_IN
791,49978659,2,0,1,5,0,SW_OUT
792,49978668,1,0,1,3,0,SW_IN
793,49978969,3,0,1,3,0,TICK
794,49978977,2,0,1,3,0,SW_OUT
795,49978985,1,0,1,2,0,SW_IN
796,49979969,3,0,1,2,0,TICK
797,49979977,2,0,1,2,0,SW_OUT
798,49979985,1,0,1,1,0,SW_IN
799,49980969,3,0,1,1,0,TICK
800,49980977,2,0,1,1,0,SW_OUT
801,49980985,1,0,1,4,0,SW_IN
802,49981467,2,0,1,4,0,SW_OUT
803,49981475,1,0,1,5,0,SW_IN
804,49981969,3,0,1,5,0,TICK
805,49981977,2,0,1,5,0,SW_OUT
806,49981986,1,0,1,3,0,SW_IN
807,49982969,3,0,1,3,0,TICK
808,49982977,2,0,1,3,0,SW_OUT
809,49982985,1,0,1,2,0,SW_IN
810,49983969,3,0,1,2,0,TICK
811,49983977,2,0,1,2,0,SW_OUT
812,49983985,1,0,1,1,0,SW_IN
813,49984969,3,0,1,1,0,TICK
814,49984977,2,0,1,1,0,SW_OUT
815,49984984,1,0,1,4,0,SW_IN
816,49985969,3,0,1,4,0,TICK
817,49985977,2,0,1,4,0,SW_OUT
818,49985986,1,0,1,5,0,SW_IN
819,49986969,3,0,1,5,0,TICK
820,49986978,2,0,1,5,0,SW_OUT
821,49986986,1,0,1,3,0,SW_IN
822,49987969,3,0,1,3,0,TICK
823,49987977,2,0,1,3,0,SW_OUT
824,49987985,1,0,1,2,0,SW_IN
825,49988969,3,0,1,2,0,TICK
826,49988977,2,0,1,2,0,SW_OUT
827,49988985,1,0,1,1,0,SW_IN
828,49989969,3,0,1,1,0,TICK
829,49989977,2,0,1,1,0,SW_OUT
830,49989984,1,0,1,4,0,SW_IN
831,49990969,3,0,1,4,0,TICK
832,49990977,2,0,1,4,0,SW_OUT
833,49990986,1,0,1,5,0,SW_IN
834,49991969,3,0,1,5,0,TICK
835,49991977,2,0,1,5,0,SW_OUT
836,49991986,1,0,1,3,0,SW_IN
837,49992969,3,0,1,3,0,TICK
838,49992977,2,0,1,3,0,SW_OUT
839,49992985,1,0,1,2,0,SW_IN
840,49993969,3,0,1,2,0,TICK
841,49993977,2,0,1,2,0,SW_OUT
842,49993985,1,0,1,1,0,SW_IN
843,49994972,3,0,1,1,0,TICK
844,49994979,2,0,1,1,0,SW_OUT
845,49994987,1,0,1,4,0,SW_IN
846,49995969,3,0,1,4,0,TICK
847,49995977,2,0,1,4,0,SW_OUT
848,49995986,1,0,1,5,0,SW_IN
849,49996969,3,0,1,5,0,TICK
850,49996978,2,0,1,5,0,SW_OUT
851,49996986,1,0,1,3,0,SW_IN
852,49997969,3,0,1,3,0,TICK
853,49997977,2,0,1,3,0,SW_OUT
854,49997985,1,0,1,2,0,SW_IN
855,49998969,3,0,1,2,0,TICK
856,49998977,2,0,1,2,0,SW_OUT
857,49998985,1,0,1,0,0,SW_IN
858,49999223,2,0,1,0,0,SW_OUT
859,49999232,1,0,1,1,0,SW_IN
860,49999969,3,0,1,1,0,TICK
861,49999977,2,0,1,1,0,SW_OUT
862,49999984,1,0,1,4,0,SW_IN
863,50000969,3,0,1,4,0,TICK
864,50000977,2,0,1,4,0,SW_OUT
865,50000986,1,0,1,5,0,SW_IN
866,50001969,3,0,1,5,0,TICK
867,50001978,2,0,1,5,0,SW_OUT
868,50001986,1,0,1,3,0,SW_IN
869,50002969,3,0,1,3,0,TICK
870,50002977,2,0,1,3,0,SW_OUT
871,50002985,1,0,1,2,0,SW_IN
872,50003969,3,0,1,2,0,TICK
873,50003977,2,0,1,2,0,SW_OUT
874,50003985,1,0,1,1,0,SW_IN
875,50004235,2,0,1,1,0,SW_OUT
876,50004242,1,0,1,4,0,SW_IN
877,50004969,3,0,1,4,0,TICK
878,50004977,2,0,1,4,0,SW_OUT
879,50004986,1,0,1,5,0,SW_IN
880,50005969,3,0,1,5,0,TICK
881,50005977,2,0,1,5,0,SW_OUT
882,50005986,1,0,1,3,0,SW_IN
883,50006969,3,0,1,3,0,TICK
884,50006977,2,0,1,3,0,SW_OUT
885,50006985,1,0,1,2,0,SW_IN
886,50007969,3,0,1,2,0,TICK
887,50007977,2,0,1,2,0,SW_OUT
888,50007985,1,0,1,1,0,SW_IN
889,50008969,3,0,1,1,0,TICK
890,50008977,2,0,1,1,0,SW_OUT
891,50008984,1,0,1,4,0,SW_IN
892,50009969,3,0,1,4,0,TICK
893,50009977,2,0,1,4,0,SW_OUT
894,50009986,1,0,1,5,0,SW_IN
895,50010969,3,0,1,5,0,TICK
896,50010978,2,0,1,5,0,SW_OUT
897,50010986,1,0,1,3,0,SW_IN
898,50011969,3,0,1,3,0,TICK
899,50011977,2,0,1,3,0,SW_OUT
900,50011985,1,0,1,2,0,SW_IN
901,50012969,3,0,1,2,0,TICK
902,50012977,2,0,1,2,0,SW_OUT
903,50012985,1,0,1,1,0,SW_IN
904,50013969,3,0,1,1,0,TICK
905,50013977,2,0,1,1,0,SW_OUT
906,50013984,1,0,1,4,0,SW_IN
907,50014969,3,0,1,4,0,TICK
908,50014977,2,0,1,4,0,SW_OUT
909,50014986,1,0,1,5,0,SW_IN
910,50015969,3,0,1,5,0,TICK
911,50015978,2,0,1,5,0,SW_OUT
912,50015986,1,0,1,3,0,SW_IN
913,50016969,3,0,1,3,0,TICK
914,50016977,2,0,1,3,0,SW_OUT
915,50016985,1,0,1,2,0,SW_IN
916,50017551,2,0,1,2,0,SW_OUT
917,50017559,1,0,1,1,0,SW_IN
918,50017969,3,0,1,1,0,TICK
919,50017977,2,0,1,1,0,SW_OUT
920,50017984,1,0,1,4,0,SW_IN
921,50018969,3,0,1,4,0,TICK
922,50018977,2,0,1,4,0,SW_OUT
923,50018986,1,0,1,5,0,SW_IN
924,50019969,3,0,1,5,0,TICK
925,50019978,2,0,1,5,0,SW_OUT
926,50019986,1,0,1,3,0,SW_IN
927,50020371,2,0,1,3,0,SW_OUT
928,50020379,1,0,1,2,0,SW_IN
929,50020969,3,0,1,2,0,TICK
930,50020977,2,0,1,2,0,SW_OUT
931,50020985,1,0,1,1,0,SW_IN
932,50021969,3,0,1,1,0,TICK
933,50021977,2,0,1,1,0,SW_OUT
934,50021985,1,0,1,4,0,SW_IN
935,50022905,2,0,1,4,0,SW_OUT
936,50022913,1,0,1,5,0,SW_IN
937,50022969,3,0,1,5,0,TICK
938,50022977,2,0,1,5,0,SW_OUT
939,50022986,1,0,1,3,0,SW_IN
940,50023969,3,0,1,3,0,TICK
941,50023977,2,0,1,3,0,SW_OUT
942,50023985,1,0,1,2,0,SW_IN
943,50024969,3,0,1,2,0,TICK
944,50024977,2,0,1,2,0,SW_OUT
945,50024985,1,0,1,1,0,SW_IN
946,50025969,3,0,1,1,0,TICK
947,50025977,2,0,1,1,0,SW_OUT
948,50025984,1,0,1,4,0,SW_IN
949,50026969,3,0,1,4,0,TICK
950,50026977,2,0,1,4,0,SW_OUT
951,50026986,1,0,1,5,0,SW_IN
952,50027138,2,0,1,5,0,SW_OUT
953,50027147,1,0,1,3,0,SW_IN
954,50027969,3,0,1,3,0,TICK
955,50027977,2,0,1,3,0,SW_OUT
956,50027985,1,0,1,2,0,SW_IN
957,50028969,3,0,1,2,0,TICK
958,50028977,2,0,1,2,0,SW_OUT
959,50028985,1,0,1,1,0,SW_IN
960,50029969,3,0,1,1,0,TICK
961,50029977,2,0,1,1,0,SW_OUT
962,50029984,1,0,1,4,0,SW_IN
963,50030969,3,0,1,4,0,TICK
964,50030977,2,0,1,4,0,SW_OUT
965,50030986,1,0,1,5,0,SW_IN
966,50031969,3,0,1,5,0,TICK
967,50031977,2,0,1,5,0,SW_OUT
968,50031986,1,0,1,3,0,SW_IN
969,50032969,3,0,1,3,0,TICK
970,50032977,2,0,1,3,0,SW_OUT
971,50032985,1,0,1,2,0,SW_IN
972,50033969,3,0,1,2,0,TICK
973,50033977,2,0,1,2,0,SW_OUT
974,50033985,1,0,1,1,0,SW_IN
975,50034969,3,0,1,1,0,TICK
976,50034977,2,0,1,1,0,SW_OUT
977,50034984,1,0,1,4,0,SW_IN
978,50035969,3,0,1,4,0,TICK
979,50035977,2,0,1,4,0,SW_OUT
980,50035986,1,0,1,5,0,SW_IN
981,50036969,3,0,1,5,0,TICK
982,50036978,2,0,1,5,0,SW_OUT
983,50036986,1,0,1,3,0,SW_IN
984,50037969,3,0,1,3,0,TICK
985,50037977,2,0,1,3,0,SW_OUT
986,50037985,1,0,1,2,0,SW_IN
987,50038969,3,0,1,2,0,TICK
988,50038977,2,0,1,2,0,SW_OUT
989,50038985,1,0,1,1,0,SW_IN
990,50039969,3,0,1,1,0,TICK
991,50039977,2,0,1,1,0,SW_OUT
992,50039984,1,0,1,4,0,SW_IN
993,50040969,3,0,1,4,0,TICK
994,50040977,2,0,1,4,0,SW_OUT
995,50040986,1,0,1,5,0,SW_IN
996,50041969,3,0,1,5,0,TICK
997,50041978,2,0,1,5,0,SW_OUT
998,50041986,1,0,1,3,0,SW_IN
999,50042969,3,0,1,3,0,TICK
1000,50042977,2,0,1,3,0,SW_OUT
1001,50042985,1,0,1,2,0,SW_IN
1002,50043969,3,0,1,2,0,TICK
1003,50043977,2,0,1,2,0,SW_OUT
1004,50043985,1,0,1,1,0,SW_IN
1005,50044969,3,0,1,1,0,TICK
1006,50044977,2,0,1,1,0,SW_OUT
1007,50044984,1,0,1,4,0,SW_IN
1008,50045969,3,0,1,4,0,TICK
1009,50045977,2,0,1,4,0,SW_OUT
1010,50045986,1,0,1,5,0,SW_IN
1011,50046969,3,0,1,5,0,TICK
1012,50046977,2,0,1,5,0,SW_OUT
1013,50046986,1,0,1,3,0,SW_IN
1014,50047969,3,0,1,3,0,TICK
1015,50047977,2,0,1,3,0,SW_OUT
1016,50047985,1,0,1,2,0,SW_IN
1017,50048972,3,0,1,2,0,TICK
1018,50048979,2,0,1,2,0,SW_OUT
1019,50048987,1,0,1,1,0,SW_IN
1020,50049248,2,0,1,1,0,SW_OUT
1021,50049256,1,0,1,4,0,SW_IN
1022,50049969,3,0,1,4,0,TICK
1023,50049977,2,0,1,4,0,SW_OUT
