idx;t_us;evt;core;prio;task_id;aux
0;125177;2;0;1;0;0
1;125185;1;0;1;1;0
2;125995;3;0;1;1;0
3;126002;2;0;1;1;0
4;126009;1;0;1;3;0
5;126995;3;0;1;3;0
6;127002;2;0;1;3;0
7;127010;1;0;1;4;0
8;127995;3;0;1;4;0
9;128003;2;0;1;4;0
10;128010;1;0;1;5;0
11;128995;3;0;1;5;0
12;129003;2;0;1;5;0
13;129011;1;0;1;1;0
14;129995;3;0;1;1;0
15;130002;2;0;1;1;0
16;130009;1;0;1;3;0
17;130995;3;0;1;3;0
18;131002;2;0;1;3;0
19;131010;1;0;1;4;0
20;131995;3;0;1;4;0
21;132003;2;0;1;4;0
22;132010;1;0;1;5;0
23;132995;3;0;1;5;0
24;133003;2;0;1;5;0
25;133011;1;0;1;1;0
26;133995;3;0;1;1;0
27;134002;2;0;1;1;0
28;134009;1;0;1;3;0
29;134995;3;0;1;3;0
30;135002;2;0;1;3;0
31;135010;1;0;1;4;0
32;135995;3;0;1;4;0
33;136003;2;0;1;4;0
34;136010;1;0;1;5;0
35;136995;3;0;1;5;0
36;137003;2;0;1;5;0
37;137011;1;0;1;1;0
38;137995;3;0;1;1;0
39;138002;2;0;1;1;0
40;138009;1;0;1;3;0
41;138995;3;0;1;3;0
42;139002;2;0;1;3;0
43;139010;1;0;1;4;0
44;139995;3;0;1;4;0
45;140003;2;0;1;4;0
46;140010;1;0;1;5;0
47;140995;3;0;1;5;0
48;141003;2;0;1;5;0
49;141011;1;0;1;1;0
50;141995;3;0;1;1;0
51;142002;2;0;1;1;0
52;142009;1;0;1;3;0
53;142995;3;0;1;3;0
54;143002;2;0;1;3;0
55;143010;1;0;1;4;0
56;143995;3;0;1;4;0
57;144003;2;0;1;4;0
58;144010;1;0;1;5;0
59;144997;3;0;1;5;0
60;145005;2;0;1;5;0
61;145013;1;0;1;1;0
62;145995;3;0;1;1;0
63;146002;2;0;1;1;0
64;146009;1;0;1;3;0
65;146995;3;0;1;3;0
66;147002;2;0;1;3;0
67;147010;1;0;1;4;0
68;147995;3;0;1;4;0
69;148003;2;0;1;4;0
70;148010;1;0;1;0;0
71;148030;2;0;1;0;0
72;148038;1;0;1;5;0
73;148995;3;0;1;5;0
74;149003;2;0;1;5;0
75;149011;1;0;1;1;0
76;149995;3;0;1;1;0
77;150002;2;0;1;1;0
78;150009;1;0;1;3;0
79;150995;3;0;1;3;0
80;151002;2;0;1;3;0
81;151010;1;0;1;4;0
82;151995;3;0;1;4;0
83;152003;2;0;1;4;0
84;152010;1;0;1;5;0
85;152995;3;0;1;5;0
86;153003;2;0;1;5;0
87;153011;1;0;1;1;0
88;153995;3;0;1;1;0
89;154002;2;0;1;1;0
90;154009;1;0;1;3;0
91;154995;3;0;1;3;0
92;155002;2;0;1;3;0
93;155010;1;0;1;4;0
94;155995;3;0;1;4;0
95;156003;2;0;1;4;0
96;156010;1;0;1;5;0
97;156995;3;0;1;5;0
98;157003;2;0;1;5;0
99;157011;1;0;1;1;0
100;157995;3;0;1;1;0
101;158002;2;0;1;1;0
102;158009;1;0;1;3;0
103;158995;3;0;1;3;0
104;159002;2;0;1;3;0
105;159010;1;0;1;4;0
106;159995;3;0;1;4;0
107;160003;2;0;1;4;0
108;160010;1;0;1;5;0
109;160995;3;0;1;5;0
110;161003;2;0;1;5;0
111;161011;1;0;1;1;0
112;161995;3;0;1;1;0
113;162002;2;0;1;1;0
114;162009;1;0;1;3;0
115;162995;3;0;1;3;0
116;163002;2;0;1;3;0
117;163010;1;0;1;4;0
118;163995;3;0;1;4;0
119;164003;2;0;1;4;0
120;164010;1;0;1;5;0
121;164995;3;0;1;5;0
122;165003;2;0;1;5;0
123;165011;1;0;1;1;0
124;165995;3;0;1;1;0
125;166002;2;0;1;1;0
126;166009;1;0;1;3;0
127;166995;3;0;1;3;0
128;167002;2;0;1;3;0
129;167010;1;0;1;4;0
130;167997;3;0;1;4;0
131;168005;2;0;1;4;0
132;168013;1;0;1;5;0
133;168995;3;0;1;5;0
134;169003;2;0;1;5;0
135;169011;1;0;1;1;0
136;169995;3;0;1;1;0
137;170002;2;0;1;1;0
138;170009;1;0;1;3;0
139;170995;3;0;1;3;0
140;171002;2;0;1;3;0
141;171010;1;0;1;0;0
142;171029;2;0;1;0;0
143;171037;1;0;1;4;0
144;171995;3;0;1;4;0
145;172003;2;0;1;4;0
146;172010;1;0;1;5;0
147;172995;3;0;1;5;0
148;173003;2;0;1;5;0
149;173011;1;0;1;1;0
150;173995;3;0;1;1;0
151;174002;2;0;1;1;0
152;174009;1;0;1;3;0
153;174995;3;0;1;3;0
154;175002;2;0;1;3;0
155;175010;1;0;1;4;0
156;175995;3;0;1;4;0
157;176003;2;0;1;4;0
158;176010;1;0;1;5;0
159;176995;3;0;1;5;0
160;177003;2;0;1;5;0
161;177011;1;0;1;1;0
162;177995;3;0;1;1;0
163;178002;2;0;1;1;0
164;178009;1;0;1;3;0
165;178995;3;0;1;3;0
166;179002;2;0;1;3;0
167;179010;1;0;1;4;0
168;179995;3;0;1;4;0
169;180003;2;0;1;4;0
170;180010;1;0;1;5;0
171;180995;3;0;1;5;0
172;181003;2;0;1;5;0
173;181011;1;0;1;1;0
174;181995;3;0;1;1;0
175;182002;2;0;1;1;0
176;182009;1;0;1;3;0
177;182995;3;0;1;3;0
178;183002;2;0;1;3;0
179;183010;1;0;1;4;0
180;183995;3;0;1;4;0
181;184003;2;0;1;4;0
182;184010;1;0;1;5;0
183;184995;3;0;1;5;0
184;185003;2;0;1;5;0
185;185011;1;0;1;1;0
186;185995;3;0;1;1;0
187;186002;2;0;1;1;0
188;186009;1;0;1;3;0
189;186995;3;0;1;3;0
190;187002;2;0;1;3;0
191;187010;1;0;1;4;0
192;187995;3;0;1;4;0
193;188003;2;0;1;4;0
194;188010;1;0;1;5;0
195;188995;3;0;1;5;0
196;189003;2;0;1;5;0
197;189011;1;0;1;1;0
198;189995;3;0;1;1;0
199;190002;2;0;1;1;0
200;190009;1;0;1;3;0
201;190997;3;0;1;3;0
202;191004;2;0;1;3;0
203;191012;1;0;1;4;0
204;191995;3;0;1;4;0
205;192003;2;0;1;4;0
206;192010;1;0;1;5;0
207;192995;3;0;1;5;0
208;193003;2;0;1;5;0
209;193011;1;0;1;1;0
210;193995;3;0;1;1;0
211;194002;2;0;1;1;0
212;194009;1;0;1;0;0
213;194028;2;0;1;0;0
214;194037;1;0;1;3;0
215;194995;3;0;1;3;0
216;195002;2;0;1;3;0
217;195010;1;0;1;4;0
218;195995;3;0;1;4;0
219;196003;2;0;1;4;0
220;196010;1;0;1;5;0
221;196995;3;0;1;5;0
222;197003;2;0;1;5;0
223;197011;1;0;1;1;0
224;197995;3;0;1;1;0
225;198002;2;0;1;1;0
226;198009;1;0;1;3;0
227;198995;3;0;1;3;0
228;199002;2;0;1;3;0
229;199010;1;0;1;4;0
230;199995;3;0;1;4;0
231;200003;2;0;1;4;0
232;200010;1;0;1;5;0
233;200995;3;0;1;5;0
234;201003;2;0;1;5;0
235;201011;1;0;1;1;0
236;201995;3;0;1;1;0
237;202002;2;0;1;1;0
238;202009;1;0;1;3;0
239;202995;3;0;1;3;0
240;203002;2;0;1;3;0
241;203010;1;0;1;4;0
242;203995;3;0;1;4;0
243;204003;2;0;1;4;0
244;204010;1;0;1;5;0
245;204995;3;0;1;5;0
246;205003;2;0;1;5;0
247;205011;1;0;1;1;0
248;205995;3;0;1;1;0
249;206002;2;0;1;1;0
250;206009;1;0;1;3;0
251;206995;3;0;1;3;0
252;207002;2;0;1;3;0
253;207010;1;0;1;4;0
254;207995;3;0;1;4;0
255;208003;2;0;1;4;0
256;208010;1;0;1;5;0
257;208995;3;0;1;5;0
258;209003;2;0;1;5;0
259;209011;1;0;1;1;0
260;209995;3;0;1;1;0
261;210002;2;0;1;1;0
262;210009;1;0;1;3;0
263;210995;3;0;1;3;0
264;211002;2;0;1;3;0
265;211010;1;0;1;4;0
266;211995;3;0;1;4;0
267;212003;2;0;1;4;0
268;212010;1;0;1;5;0
269;212995;3;0;1;5;0
270;213003;2;0;1;5;0
271;213011;1;0;1;1;0
272;213997;3;0;1;1;0
273;214004;2;0;1;1;0
274;214011;1;0;1;3;0
275;214995;3;0;1;3;0
276;215002;2;0;1;3;0
277;215010;1;0;1;4;0
278;215995;3;0;1;4;0
279;216003;2;0;1;4;0
280;216010;1;0;1;5;0
281;216995;3;0;1;5;0
282;217003;2;0;1;5;0
283;217011;1;0;1;0;0
284;217030;2;0;1;0;0
285;217038;1;0;1;1;0
286;217995;3;0;1;1;0
287;218002;2;0;1;1;0
288;218009;1;0;1;3;0
289;218995;3;0;1;3;0
290;219002;2;0;1;3;0
291;219010;1;0;1;4;0
292;219995;3;0;1;4;0
293;220003;2;0;1;4;0
294;220010;1;0;1;5;0
295;220995;3;0;1;5;0
296;221003;2;0;1;5;0
297;221011;1;0;1;1;0
298;221995;3;0;1;1;0
299;222002;2;0;1;1;0
300;222009;1;0;1;3;0
301;222995;3;0;1;3;0
302;223002;2;0;1;3;0
303;223010;1;0;1;4;0
304;223995;3;0;1;4;0
305;224003;2;0;1;4;0
306;224010;1;0;1;5;0
307;224995;3;0;1;5;0
308;225003;2;0;1;5;0
309;225011;1;0;1;1;0
310;225995;3;0;1;1;0
311;226002;2;0;1;1;0
312;226009;1;0;1;3;0
313;226995;3;0;1;3;0
314;227002;2;0;1;3;0
315;227010;1;0;1;4;0
316;227995;3;0;1;4;0
317;228003;2;0;1;4;0
318;228010;1;0;1;5;0
319;228995;3;0;1;5;0
320;229003;2;0;1;5;0
321;229011;1;0;1;1;0
322;229995;3;0;1;1;0
323;230002;2;0;1;1;0
324;230009;1;0;1;3;0
325;230995;3;0;1;3;0
326;231002;2;0;1;3;0
327;231010;1;0;1;4;0
328;231529;2;0;1;4;0
329;231537;1;0;1;5;0
330;231995;3;0;1;5;0
331;232003;2;0;1;5;0
332;232011;1;0;1;1;0
333;232995;3;0;1;1;0
334;233002;2;0;1;1;0
335;233009;1;0;1;3;0
336;233997;3;0;1;3;0
337;234005;2;0;1;3;0
338;234012;1;0;1;5;0
339;234995;3;0;1;5;0
340;235003;2;0;1;5;0
341;235011;1;0;1;1;0
342;235120;2;0;1;1;0
343;235127;1;0;1;3;0
344;235207;2;0;1;3;0
345;235214;1;0;1;5;0
346;235995;3;0;1;5;0
347;236003;2;0;1;5;0
348;236011;1;0;1;1;0
349;236086;2;0;1;1;0
350;236094;1;0;1;5;0
351;236997;3;0;1;5;0
352;237005;2;0;1;5;0
353;237013;1;0;1;1;0
354;237995;3;0;1;1;0
355;238002;2;0;1;1;0
356;238009;1;0;1;0;0
357;238028;2;0;1;0;0
358;238037;1;0;1;5;0
359;238987;2;0;1;5;0
360;238995;1;0;1;1;0
361;239010;3;0;1;1;0
362;239995;3;0;1;1;0
363;240995;3;0;1;1;0
364;241995;3;0;1;1;0
365;242995;3;0;1;1;0
366;243995;3;0;1;1;0
367;244995;3;0;1;1;0
368;245995;3;0;1;1;0
369;246995;3;0;1;1;0
370;247995;3;0;1;1;0
371;248995;3;0;1;1;0
372;249995;3;0;1;1;0
373;250995;3;0;1;1;0
374;251995;3;0;1;1;0
375;252995;3;0;1;1;0
376;253995;3;0;1;1;0
377;254995;3;0;1;1;0
378;255995;3;0;1;1;0
379;256995;3;0;1;1;0
380;257997;3;0;1;1;0
381;258004;2;0;1;1;0
382;258011;1;0;1;0;0
383;258031;2;0;1;0;0
384;258039;1;0;1;1;0
385;258995;3;0;1;1;0
386;259995;3;0;1;1;0
387;260995;3;0;1;1;0
388;261995;3;0;1;1;0
389;262995;3;0;1;1;0
390;263995;3;0;1;1;0
391;264995;3;0;1;1;0
392;265995;3;0;1;1;0
393;266995;3;0;1;1;0
394;267995;3;0;1;1;0
395;268690;2;0;1;1;0
396;268697;1;0;1;1;0
397;268995;3;0;1;1;0
398;269995;3;0;1;1;0
399;270995;3;0;1;1;0
400;271995;3;0;1;1;0
401;272995;3;0;1;1;0
402;273995;3;0;1;1;0
403;274995;3;0;1;1;0
404;275995;3;0;1;1;0
405;276995;3;0;1;1;0
406;277997;3;0;1;1;0
407;278004;2;0;1;1;0
408;278011;1;0;1;0;0
409;278031;2;0;1;0;0
410;278039;1;0;1;1;0
411;278995;3;0;1;1;0
412;279995;3;0;1;1;0
413;280995;3;0;1;1;0
414;281995;3;0;1;1;0
415;282995;3;0;1;1;0
416;283995;3;0;1;1;0
417;284995;3;0;1;1;0
418;285995;3;0;1;1;0
419;286995;3;0;1;1;0
420;287995;3;0;1;1;0
421;288995;3;0;1;1;0
422;289995;3;0;1;1;0
423;290995;3;0;1;1;0
424;291995;3;0;1;1;0
425;292995;3;0;1;1;0
426;293995;3;0;1;1;0
427;294995;3;0;1;1;0
428;295995;3;0;1;1;0
429;296995;3;0;1;1;0
430;297997;3;0;1;1;0
431;298004;2;0;1;1;0
432;298012;1;0;1;0;0
433;298031;2;0;1;0;0
434;298039;1;0;1;1;0
435;298995;3;0;1;1;0
436;299421;2;0;1;1;0
437;299428;1;0;0;0;0
438;299996;3;0;0;0;0
439;300996;3;0;0;0;0
440;301996;3;0;0;0;0
441;302996;3;0;0;0;0
442;303996;3;0;0;0;0
443;304996;3;0;0;0;0
444;305996;3;0;0;0;0
445;306996;3;0;0;0;0
446;307996;3;0;0;0;0
447;308996;3;0;0;0;0
448;309996;3;0;0;0;0
449;310996;3;0;0;0;0
450;311996;3;0;0;0;0
451;312996;3;0;0;0;0
452;313996;3;0;0;0;0
453;314996;3;0;0;0;0
454;315996;3;0;0;0;0
455;316996;3;0;0;0;0
456;317998;3;0;0;0;0
457;318005;2;0;0;0;0
458;318014;1;0;1;0;0
459;318033;2;0;1;0;0
460;318041;1;0;0;0;0
461;318996;3;0;0;0;0
462;319996;3;0;0;0;0
463;320996;3;0;0;0;0
464;321996;3;0;0;0;0
465;322996;3;0;0;0;0
466;323996;3;0;0;0;0
467;324996;3;0;0;0;0
468;325996;3;0;0;0;0
469;326996;3;0;0;0;0
470;327996;3;0;0;0;0
471;328996;3;0;0;0;0
472;329996;3;0;0;0;0
473;330996;3;0;0;0;0
474;331996;3;0;0;0;0
475;332996;3;0;0;0;0
476;333996;3;0;0;0;0
477;334996;3;0;0;0;0
478;335996;3;0;0;0;0
479;336996;3;0;0;0;0
480;338000;3;0;0;0;0
481;338007;2;0;0;0;0
482;338015;1;0;1;1;0
483;338995;3;0;1;1;0
484;339002;2;0;1;1;0
485;339009;1;0;1;0;0
486;339028;2;0;1;0;0
487;339037;1;0;1;1;0
488;339995;3;0;1;1;0
489;340995;3;0;1;1;0
490;341995;3;0;1;1;0
491;342995;3;0;1;1;0
492;343995;3;0;1;1;0
493;344995;3;0;1;1;0
494;345995;3;0;1;1;0
495;346995;3;0;1;1;0
496;347995;3;0;1;1;0
497;348995;3;0;1;1;0
498;349995;3;0;1;1;0
499;350995;3;0;1;1;0
500;351995;3;0;1;1;0
501;352995;3;0;1;1;0
502;353995;3;0;1;1;0
503;354995;3;0;1;1;0
504;355995;3;0;1;1;0
505;356995;3;0;1;1;0
506;357995;3;0;1;1;0
507;358997;3;0;1;1;0
508;359004;2;0;1;1;0
509;359012;1;0;1;0;0
510;359031;2;0;1;0;0
511;359039;1;0;1;1;0
512;359995;3;0;1;1;0
513;360995;3;0;1;1;0
514;361995;3;0;1;1;0
515;362995;3;0;1;1;0
516;363995;3;0;1;1;0
517;364995;3;0;1;1;0
518;365995;3;0;1;1;0
519;366995;3;0;1;1;0
520;367995;3;0;1;1;0
521;368724;2;0;1;1;0
522;368732;1;0;0;0;0
523;368996;3;0;0;0;0
524;369996;3;0;0;0;0
525;370996;3;0;0;0;0
526;371996;3;0;0;0;0
527;372996;3;0;0;0;0
528;373996;3;0;0;0;0
529;374996;3;0;0;0;0
530;375996;3;0;0;0;0
531;376996;3;0;0;0;0
532;377996;3;0;0;0;0
533;378998;3;0;0;0;0
534;379005;2;0;0;0;0
535;379014;1;0;1;0;0
536;379033;2;0;1;0;0
537;379041;1;0;0;0;0
538;379996;3;0;0;0;0
539;380996;3;0;0;0;0
540;381996;3;0;0;0;0
541;382996;3;0;0;0;0
542;383996;3;0;0;0;0
543;384996;3;0;0;0;0
544;385996;3;0;0;0;0
545;386996;3;0;0;0;0
546;387996;3;0;0;0;0
547;388996;3;0;0;0;0
548;389996;3;0;0;0;0
549;390996;3;0;0;0;0
550;391996;3;0;0;0;0
551;392996;3;0;0;0;0
552;393996;3;0;0;0;0
553;394996;3;0;0;0;0
554;395996;3;0;0;0;0
555;396996;3;0;0;0;0
556;397996;3;0;0;0;0
557;398998;3;0;0;0;0
558;399005;2;0;0;0;0
559;399014;1;0;1;0;0
560;399033;2;0;1;0;0
561;399041;1;0;0;0;0
562;399996;3;0;0;0;0
563;400996;3;0;0;0;0
564;401996;3;0;0;0;0
565;402996;3;0;0;0;0
566;403996;3;0;0;0;0
567;404996;3;0;0;0;0
568;405996;3;0;0;0;0
569;406996;3;0;0;0;0
570;407996;3;0;0;0;0
571;408996;3;0;0;0;0
572;409996;3;0;0;0;0
573;410996;3;0;0;0;0
574;411996;3;0;0;0;0
575;412996;3;0;0;0;0
576;413996;3;0;0;0;0
577;414996;3;0;0;0;0
578;415996;3;0;0;0;0
579;416996;3;0;0;0;0
580;417996;3;0;0;0;0
581;418998;3;0;0;0;0
582;419005;2;0;0;0;0
583;419014;1;0;1;0;0
584;419033;2;0;1;0;0
585;419041;1;0;0;0;0
586;419996;3;0;0;0;0
587;420996;3;0;0;0;0
588;421996;3;0;0;0;0
589;422996;3;0;0;0;0
590;423996;3;0;0;0;0
591;424996;3;0;0;0;0
592;425996;3;0;0;0;0
593;426996;3;0;0;0;0
594;427996;3;0;0;0;0
595;428996;3;0;0;0;0
596;429996;3;0;0;0;0
597;430996;3;0;0;0;0
598;431996;3;0;0;0;0
599;432996;3;0;0;0;0
600;433996;3;0;0;0;0
601;434996;3;0;0;0;0
602;435996;3;0;0;0;0
603;436996;3;0;0;0;0
604;437998;3;0;0;0;0
605;438005;2;0;0;0;0
606;438014;1;0;1;1;0
607;438997;3;0;1;1;0
608;439004;2;0;1;1;0
609;439012;1;0;1;0;0
610;439031;2;0;1;0;0
611;439039;1;0;1;1;0
612;439995;3;0;1;1;0
613;440995;3;0;1;1;0
614;441995;3;0;1;1;0
615;442995;3;0;1;1;0
616;443995;3;0;1;1;0
617;444995;3;0;1;1;0
618;445995;3;0;1;1;0
619;446995;3;0;1;1;0
620;447995;3;0;1;1;0
621;448995;3;0;1;1;0
622;449995;3;0;1;1;0
623;450995;3;0;1;1;0
624;451995;3;0;1;1;0
625;452995;3;0;1;1;0
626;453995;3;0;1;1;0
627;454995;3;0;1;1;0
628;455995;3;0;1;1;0
629;456995;3;0;1;1;0
630;457995;3;0;1;1;0
631;458997;3;0;1;1;0
632;459004;2;0;1;1;0
633;459012;1;0;1;0;0
634;459031;2;0;1;0;0
635;459039;1;0;1;1;0
636;459995;3;0;1;1;0
637;460995;3;0;1;1;0
638;461995;3;0;1;1;0
639;462995;3;0;1;1;0
640;463995;3;0;1;1;0
641;464995;3;0;1;1;0
642;465995;3;0;1;1;0
643;466995;3;0;1;1;0
644;467995;3;0;1;1;0
645;468723;2;0;1;1;0
646;468730;1;0;0;0;0
647;468996;3;0;0;0;0
648;469996;3;0;0;0;0
649;470996;3;0;0;0;0
650;471996;3;0;0;0;0
651;472996;3;0;0;0;0
652;473996;3;0;0;0;0
653;474996;3;0;0;0;0
654;475996;3;0;0;0;0
655;476996;3;0;0;0;0
656;477996;3;0;0;0;0
657;478998;3;0;0;0;0
658;479005;2;0;0;0;0
659;479014;1;0;1;0;0
660;479033;2;0;1;0;0
661;479041;1;0;0;0;0
662;479996;3;0;0;0;0
663;480996;3;0;0;0;0
664;481996;3;0;0;0;0
665;482996;3;0;0;0;0
666;483996;3;0;0;0;0
667;484996;3;0;0;0;0
668;485996;3;0;0;0;0
669;486996;3;0;0;0;0
670;487996;3;0;0;0;0
671;488996;3;0;0;0;0
672;489996;3;0;0;0;0
673;490996;3;0;0;0;0
674;491996;3;0;0;0;0
675;492996;3;0;0;0;0
676;493996;3;0;0;0;0
677;494996;3;0;0;0;0
678;495996;3;0;0;0;0
679;496996;3;0;0;0;0
680;497996;3;0;0;0;0
681;498998;3;0;0;0;0
682;499005;2;0;0;0;0
683;499014;1;0;1;0;0
684;499033;2;0;1;0;0
685;499041;1;0;0;0;0
686;499996;3;0;0;0;0
687;500996;3;0;0;0;0
688;501996;3;0;0;0;0
689;502996;3;0;0;0;0
690;503996;3;0;0;0;0
691;504996;3;0;0;0;0
692;505996;3;0;0;0;0
693;506996;3;0;0;0;0
694;507996;3;0;0;0;0
695;508996;3;0;0;0;0
696;509996;3;0;0;0;0
697;510996;3;0;0;0;0
698;511996;3;0;0;0;0
699;512996;3;0;0;0;0
700;513996;3;0;0;0;0
701;514996;3;0;0;0;0
702;515996;3;0;0;0;0
703;516996;3;0;0;0;0
704;517996;3;0;0;0;0
705;518998;3;0;0;0;0
706;519005;2;0;0;0;0
707;519014;1;0;1;0;0
708;519033;2;0;1;0;0
709;519042;1;0;0;0;0
710;519996;3;0;0;0;0
711;520996;3;0;0;0;0
712;521996;3;0;0;0;0
713;522996;3;0;0;0;0
714;523996;3;0;0;0;0
715;524996;3;0;0;0;0
716;525996;3;0;0;0;0
717;526996;3;0;0;0;0
718;527996;3;0;0;0;0
719;528996;3;0;0;0;0
720;529996;3;0;0;0;0
721;530996;3;0;0;0;0
722;531996;3;0;0;0;0
723;532996;3;0;0;0;0
724;533996;3;0;0;0;0
725;534996;3;0;0;0;0
726;535996;3;0;0;0;0
727;536996;3;0;0;0;0
728;537998;3;0;0;0;0
729;538005;2;0;0;0;0
730;538014;1;0;1;1;0
731;538999;3;0;1;1;0
732;539006;2;0;1;1;0
733;539013;1;0;2;2;0
734;539995;3;0;2;2;0
735;540995;3;0;2;2;0
736;541995;3;0;2;2;0
737;542995;3;0;2;2;0
738;543995;3;0;2;2;0
739;544995;3;0;2;2;0
740;545995;3;0;2;2;0
741;546995;3;0;2;2;0
742;547995;3;0;2;2;0
743;548995;3;0;2;2;0
744;549995;3;0;2;2;0
745;550995;3;0;2;2;0
746;551995;3;0;2;2;0
747;552995;3;0;2;2;0
748;553995;3;0;2;2;0
749;554995;3;0;2;2;0
750;555995;3;0;2;2;0
751;556995;3;0;2;2;0
752;557995;3;0;2;2;0
753;558995;3;0;2;2;0
754;559995;3;0;2;2;0
755;560995;3;0;2;2;0
756;561995;3;0;2;2;0
757;562995;3;0;2;2;0
758;563995;3;0;2;2;0
759;564995;3;0;2;2;0
760;565995;3;0;2;2;0
761;566995;3;0;2;2;0
762;567995;3;0;2;2;0
763;568995;3;0;2;2;0
764;569995;3;0;2;2;0
765;570995;3;0;2;2;0
766;571995;3;0;2;2;0
767;572995;3;0;2;2;0
768;573995;3;0;2;2;0
769;574995;3;0;2;2;0
770;575995;3;0;2;2;0
771;576995;3;0;2;2;0
772;577995;3;0;2;2;0
773;578995;3;0;2;2;0
774;579995;3;0;2;2;0
775;580995;3;0;2;2;0
776;581995;3;0;2;2;0
777;582995;3;0;2;2;0
778;583995;3;0;2;2;0
779;584995;3;0;2;2;0
780;585995;3;0;2;2;0
781;586995;3;0;2;2;0
782;587995;3;0;2;2;0
783;588995;3;0;2;2;0
784;589995;3;0;2;2;0
785;590995;3;0;2;2;0
786;591995;3;0;2;2;0
787;592995;3;0;2;2;0
788;593995;3;0;2;2;0
789;594995;3;0;2;2;0
790;595995;3;0;2;2;0
791;596995;3;0;2;2;0
792;597995;3;0;2;2;0
793;598995;3;0;2;2;0
794;599995;3;0;2;2;0
795;600995;3;0;2;2;0
796;601995;3;0;2;2;0
797;602995;3;0;2;2;0
798;603995;3;0;2;2;0
799;604995;3;0;2;2;0
800;605995;3;0;2;2;0
801;606995;3;0;2;2;0
802;607995;3;0;2;2;0
803;608995;3;0;2;2;0
804;609995;3;0;2;2;0
805;610995;3;0;2;2;0
806;611995;3;0;2;2;0
807;612995;3;0;2;2;0
808;613995;3;0;2;2;0
809;614995;3;0;2;2;0
810;615391;2;0;2;2;0
811;615398;1;0;1;0;0
812;615418;2;0;1;0;0
813;615426;1;0;1;1;0
814;615995;3;0;1;1;0
815;616997;3;0;1;1;0
816;617004;2;0;1;1;0
817;617012;1;0;1;3;0
818;617995;3;0;1;3;0
819;618002;2;0;1;3;0
820;618010;1;0;1;1;0
821;618995;3;0;1;1;0
822;619002;2;0;1;1;0
823;619009;1;0;1;3;0
824;619997;3;0;1;3;0
825;620005;2;0;1;3;0
826;620012;1;0;1;1;0
827;620995;3;0;1;1;0
828;621002;2;0;1;1;0
829;621009;1;0;1;4;0
830;621995;3;0;1;4;0
831;622003;2;0;1;4;0
832;622011;1;0;1;3;0
833;622995;3;0;1;3;0
834;623002;2;0;1;3;0
835;623010;1;0;1;1;0
836;623997;3;0;1;1;0
837;624004;2;0;1;1;0
838;624012;1;0;1;4;0
839;624995;3;0;1;4;0
840;625003;2;0;1;4;0
841;625011;1;0;1;3;0
842;625995;3;0;1;3;0
843;626002;2;0;1;3;0
844;626010;1;0;1;5;0
845;626995;3;0;1;5;0
846;627003;2;0;1;5;0
847;627011;1;0;1;1;0
848;627995;3;0;1;1;0
849;628002;2;0;1;1;0
850;628009;1;0;1;4;0
851;628995;3;0;1;4;0
852;629003;2;0;1;4;0
853;629011;1;0;1;3;0
854;629995;3;0;1;3;0
855;630002;2;0;1;3;0
856;630010;1;0;1;5;0
857;630995;3;0;1;5;0
858;631003;2;0;1;5;0
859;631011;1;0;1;1;0
860;631995;3;0;1;1;0
861;632002;2;0;1;1;0
862;632009;1;0;1;4;0
863;632995;3;0;1;4;0
864;633003;2;0;1;4;0
865;633011;1;0;1;3;0
866;633995;3;0;1;3;0
867;634002;2;0;1;3;0
868;634010;1;0;1;5;0
869;634997;3;0;1;5;0
870;635005;2;0;1;5;0
871;635013;1;0;1;1;0
872;635995;3;0;1;1;0
873;636002;2;0;1;1;0
874;636009;1;0;1;4;0
875;636995;3;0;1;4;0
876;637003;2;0;1;4;0
877;637011;1;0;1;3;0
878;637995;3;0;1;3;0
879;638002;2;0;1;3;0
880;638010;1;0;1;0;0
881;638029;2;0;1;0;0
882;638037;1;0;1;5;0
883;638995;3;0;1;5;0
884;639003;2;0;1;5;0
885;639011;1;0;1;1;0
886;639995;3;0;1;1;0
887;640002;2;0;1;1;0
888;640009;1;0;1;4;0
889;640995;3;0;1;4;0
890;641003;2;0;1;4;0
891;641011;1;0;1;3;0
892;641995;3;0;1;3;0
893;642002;2;0;1;3;0
894;642010;1;0;1;5;0
895;642995;3;0;1;5;0
896;643003;2;0;1;5;0
897;643011;1;0;1;1;0
898;643995;3;0;1;1;0
899;644002;2;0;1;1;0
900;644009;1;0;1;4;0
901;644995;3;0;1;4;0
902;645003;2;0;1;4;0
903;645011;1;0;1;3;0
904;645995;3;0;1;3;0
905;646002;2;0;1;3;0
906;646010;1;0;1;5;0
907;646995;3;0;1;5;0
908;647003;2;0;1;5;0
909;647011;1;0;1;1;0
910;647995;3;0;1;1;0
911;648002;2;0;1;1;0
912;648009;1;0;1;4;0
913;648995;3;0;1;4;0
914;649003;2;0;1;4;0
915;649011;1;0;1;3;0
916;649995;3;0;1;3;0
917;650002;2;0;1;3;0
918;650010;1;0;1;5;0
919;650995;3;0;1;5;0
920;651003;2;0;1;5;0
921;651011;1;0;1;1;0
922;651995;3;0;1;1;0
923;652002;2;0;1;1;0
924;652009;1;0;1;4;0
925;652995;3;0;1;4;0
926;653003;2;0;1;4;0
927;653011;1;0;1;3;0
928;653995;3;0;1;3;0
929;654002;2;0;1;3;0
930;654010;1;0;1;5;0
931;654995;3;0;1;5;0
932;655003;2;0;1;5;0
933;655011;1;0;1;1;0
934;655995;3;0;1;1;0
935;656002;2;0;1;1;0
936;656009;1;0;1;4;0
937;656995;3;0;1;4;0
938;657003;2;0;1;4;0
939;657011;1;0;1;3;0
940;657997;3;0;1;3;0
941;658005;2;0;1;3;0
942;658012;1;0;1;5;0
943;658995;3;0;1;5;0
944;659003;2;0;1;5;0
945;659011;1;0;1;1;0
946;659995;3;0;1;1;0
947;660002;2;0;1;1;0
948;660009;1;0;1;4;0
949;660995;3;0;1;4;0
950;661003;2;0;1;4;0
951;661011;1;0;1;0;0
952;661030;2;0;1;0;0
953;661038;1;0;1;3;0
954;661995;3;0;1;3;0
955;662002;2;0;1;3;0
956;662010;1;0;1;5;0
957;662995;3;0;1;5;0
958;663003;2;0;1;5;0
959;663011;1;0;1;1;0
960;663995;3;0;1;1;0
961;664002;2;0;1;1;0
962;664009;1;0;1;4;0
963;664995;3;0;1;4;0
964;665003;2;0;1;4;0
965;665011;1;0;1;3;0
966;665995;3;0;1;3;0
967;666002;2;0;1;3;0
968;666010;1;0;1;5;0
969;666995;3;0;1;5;0
970;667003;2;0;1;5;0
971;667011;1;0;1;1;0
972;667995;3;0;1;1;0
973;668002;2;0;1;1;0
974;668009;1;0;1;4;0
975;668995;3;0;1;4;0
976;669003;2;0;1;4;0
977;669011;1;0;1;3;0
978;669995;3;0;1;3;0
979;670002;2;0;1;3;0
980;670010;1;0;1;5;0
981;670995;3;0;1;5;0
982;671003;2;0;1;5;0
983;671011;1;0;1;1;0
984;671995;3;0;1;1;0
985;672002;2;0;1;1;0
986;672009;1;0;1;4;0
987;672995;3;0;1;4;0
988;673003;2;0;1;4;0
989;673011;1;0;1;3;0
990;673995;3;0;1;3;0
991;674002;2;0;1;3;0
992;674010;1;0;1;5;0
993;674995;3;0;1;5;0
994;675003;2;0;1;5;0
995;675011;1;0;1;1;0
996;675995;3;0;1;1;0
997;676002;2;0;1;1;0
998;676009;1;0;1;4;0
999;676995;3;0;1;4;0
1000;677003;2;0;1;4;0
1001;677011;1;0;1;3;0
1002;677995;3;0;1;3;0
1003;678002;2;0;1;3;0
1004;678010;1;0;1;5;0
1005;678995;3;0;1;5;0
1006;679003;2;0;1;5;0
1007;679011;1;0;1;1;0
1008;679995;3;0;1;1;0
1009;680002;2;0;1;1;0
1010;680009;1;0;1;4;0
1011;680997;3;0;1;4;0
1012;681005;2;0;1;4;0
1013;681013;1;0;1;3;0
1014;681995;3;0;1;3;0
1015;682002;2;0;1;3;0
1016;682010;1;0;1;5;0
1017;682995;3;0;1;5;0
1018;683003;2;0;1;5;0
1019;683011;1;0;1;1;0
1020;683995;3;0;1;1;0
1021;684002;2;0;1;1;0
1022;684009;1;0;1;0;0
1023;684029;2;0;1;0;0
1024;684037;1;0;1;4;0
1025;684995;3;0;1;4;0
1026;685003;2;0;1;4;0
1027;685011;1;0;1;3;0
1028;685995;3;0;1;3;0
1029;686002;2;0;1;3;0
1030;686010;1;0;1;5;0
1031;686995;3;0;1;5;0
1032;687003;2;0;1;5;0
1033;687011;1;0;1;1;0
1034;687995;3;0;1;1;0
1035;688002;2;0;1;1;0
1036;688009;1;0;1;4;0
1037;688995;3;0;1;4;0
1038;689003;2;0;1;4;0
1039;689011;1;0;1;3;0
1040;689995;3;0;1;3;0
1041;690002;2;0;1;3;0
1042;690010;1;0;1;5;0
1043;690995;3;0;1;5;0
1044;691003;2;0;1;5;0
1045;691011;1;0;1;1;0
1046;691995;3;0;1;1;0
1047;692002;2;0;1;1;0
1048;692009;1;0;1;4;0
1049;692995;3;0;1;4;0
1050;693003;2;0;1;4;0
1051;693011;1;0;1;3;0
1052;693995;3;0;1;3;0
1053;694002;2;0;1;3;0
1054;694010;1;0;1;5;0
1055;694995;3;0;1;5;0
1056;695003;2;0;1;5;0
1057;695011;1;0;1;1;0
1058;695995;3;0;1;1;0
1059;696002;2;0;1;1;0
1060;696009;1;0;1;4;0
1061;696995;3;0;1;4;0
1062;697003;2;0;1;4;0
1063;697011;1;0;1;3;0
1064;697995;3;0;1;3;0
1065;698002;2;0;1;3;0
1066;698010;1;0;1;5;0
1067;698995;3;0;1;5;0
1068;699003;2;0;1;5;0
1069;699011;1;0;1;1;0
1070;699995;3;0;1;1;0
1071;700002;2;0;1;1;0
1072;700009;1;0;1;4;0
1073;700995;3;0;1;4;0
1074;701003;2;0;1;4;0
1075;701011;1;0;1;3;0
1076;701995;3;0;1;3;0
1077;702002;2;0;1;3;0
1078;702010;1;0;1;5;0
1079;702995;3;0;1;5;0
1080;703003;2;0;1;5;0
1081;703011;1;0;1;1;0
1082;703997;3;0;1;1;0
1083;704004;2;0;1;1;0
1084;704012;1;0;1;4;0
1085;704995;3;0;1;4;0
1086;705003;2;0;1;4;0
1087;705011;1;0;1;3;0
1088;705995;3;0;1;3;0
1089;706002;2;0;1;3;0
1090;706010;1;0;1;5;0
1091;706995;3;0;1;5;0
1092;707003;2;0;1;5;0
1093;707011;1;0;1;0;0
1094;707030;2;0;1;0;0
1095;707038;1;0;1;1;0
1096;707995;3;0;1;1;0
1097;708002;2;0;1;1;0
1098;708009;1;0;1;4;0
1099;708995;3;0;1;4;0
1100;709003;2;0;1;4;0
1101;709011;1;0;1;3;0
1102;709995;3;0;1;3;0
1103;710002;2;0;1;3;0
1104;710010;1;0;1;5;0
1105;710995;3;0;1;5;0
1106;711003;2;0;1;5;0
1107;711011;1;0;1;1;0
1108;711995;3;0;1;1;0
1109;712002;2;0;1;1;0
1110;712009;1;0;1;4;0
1111;712995;3;0;1;4;0
1112;713003;2;0;1;4;0
1113;713011;1;0;1;3;0
1114;713995;3;0;1;3;0
1115;714002;2;0;1;3;0
1116;714010;1;0;1;5;0
1117;714995;3;0;1;5;0
1118;715003;2;0;1;5;0
1119;715011;1;0;1;1;0
1120;715995;3;0;1;1;0
1121;716002;2;0;1;1;0
1122;716009;1;0;1;4;0
1123;716995;3;0;1;4;0
1124;717003;2;0;1;4;0
1125;717011;1;0;1;3;0
1126;717995;3;0;1;3;0
1127;718002;2;0;1;3;0
1128;718010;1;0;1;5;0
1129;718995;3;0;1;5;0
1130;719003;2;0;1;5;0
1131;719011;1;0;1;1;0
1132;719995;3;0;1;1;0
1133;720002;2;0;1;1;0
1134;720009;1;0;1;4;0
1135;720995;3;0;1;4;0
1136;721003;2;0;1;4;0
1137;721011;1;0;1;3;0
1138;721995;3;0;1;3;0
1139;722002;2;0;1;3;0
1140;722010;1;0;1;5;0
1141;722995;3;0;1;5;0
1142;723003;2;0;1;5;0
1143;723011;1;0;1;1;0
1144;723995;3;0;1;1;0
1145;724002;2;0;1;1;0
1146;724009;1;0;1;4;0
1147;724995;3;0;1;4;0
1148;725003;2;0;1;4;0
1149;725011;1;0;1;3;0
1150;725995;3;0;1;3;0
1151;726002;2;0;1;3;0
1152;726010;1;0;1;5;0
1153;726997;3;0;1;5;0
1154;727005;2;0;1;5;0
1155;727013;1;0;1;1;0
1156;727535;2;0;1;1;0
1157;727543;1;0;1;4;0
1158;727995;3;0;1;4;0
1159;728003;2;0;1;4;0
1160;728011;1;0;1;3;0
1161;728995;3;0;1;3;0
1162;729002;2;0;1;3;0
1163;729010;1;0;1;0;0
1164;729029;2;0;1;0;0
1165;729037;1;0;1;5;0
1166;729995;3;0;1;5;0
1167;730003;2;0;1;5;0
1168;730011;1;0;1;1;0
1169;730995;3;0;1;1;0
1170;731002;2;0;1;1;0
1171;731009;1;0;1;4;0
1172;731995;3;0;1;4;0
1173;732003;2;0;1;4;0
1174;732011;1;0;1;3;0
1175;732995;3;0;1;3;0
1176;733002;2;0;1;3;0
1177;733010;1;0;1;5;0
1178;733995;3;0;1;5;0
1179;734003;2;0;1;5;0
1180;734011;1;0;1;1;0
1181;734995;3;0;1;1;0
1182;735002;2;0;1;1;0
1183;735009;1;0;1;4;0
1184;735078;2;0;1;4;0
1185;735086;1;0;1;3;0
1186;735207;2;0;1;3;0
1187;735215;1;0;1;5;0
1188;735995;3;0;1;5;0
1189;736003;2;0;1;5;0
1190;736011;1;0;1;1;0
1191;736995;3;0;1;1;0
1192;737002;2;0;1;1;0
1193;737009;1;0;1;5;0
1194;737995;3;0;1;5;0
1195;738003;2;0;1;5;0
1196;738011;1;0;1;1;0
1197;738995;3;0;1;1;0
1198;739002;2;0;1;1;0
1199;739009;1;0;1;5;0
1200;739995;3;0;1;5;0
1201;740003;2;0;1;5;0
1202;740011;1;0;1;1;0
1203;740995;3;0;1;1;0
1204;741002;2;0;1;1;0
1205;741009;1;0;1;5;0
1206;741364;2;0;1;5;0
1207;741372;1;0;1;1;0
1208;741995;3;0;1;1;0
1209;742995;3;0;1;1;0
1210;743995;3;0;1;1;0
1211;744995;3;0;1;1;0
1212;745995;3;0;1;1;0
1213;746995;3;0;1;1;0
1214;747995;3;0;1;1;0
1215;748997;3;0;1;1;0
1216;749004;2;0;1;1;0
1217;749012;1;0;1;0;0
1218;749031;2;0;1;0;0
1219;749039;1;0;1;1;0
1220;749995;3;0;1;1;0
1221;750995;3;0;1;1;0
1222;751995;3;0;1;1;0
1223;752995;3;0;1;1;0
1224;753995;3;0;1;1;0
1225;754995;3;0;1;1;0
1226;755995;3;0;1;1;0
1227;756995;3;0;1;1;0
1228;757995;3;0;1;1;0
1229;758995;3;0;1;1;0
1230;759995;3;0;1;1;0
1231;760995;3;0;1;1;0
1232;761995;3;0;1;1;0
1233;762995;3;0;1;1;0
1234;763995;3;0;1;1;0
1235;764995;3;0;1;1;0
1236;765995;3;0;1;1;0
1237;766995;3;0;1;1;0
1238;767125;2;0;1;1;0
1239;767133;1;0;1;1;0
1240;767995;3;0;1;1;0
1241;768997;3;0;1;1;0
1242;769004;2;0;1;1;0
1243;769012;1;0;1;0;0
1244;769031;2;0;1;0;0
1245;769039;1;0;1;1;0
1246;769995;3;0;1;1;0
1247;770995;3;0;1;1;0
1248;771995;3;0;1;1;0
1249;772995;3;0;1;1;0
1250;773995;3;0;1;1;0
1251;774995;3;0;1;1;0
1252;775995;3;0;1;1;0
1253;776995;3;0;1;1;0
1254;777995;3;0;1;1;0
1255;778995;3;0;1;1;0
1256;779995;3;0;1;1;0
1257;780995;3;0;1;1;0
1258;781995;3;0;1;1;0
1259;782995;3;0;1;1;0
1260;783995;3;0;1;1;0
1261;784995;3;0;1;1;0
1262;785995;3;0;1;1;0
1263;786995;3;0;1;1;0
1264;787995;3;0;1;1;0
1265;788997;3;0;1;1;0
1266;789004;2;0;1;1;0
1267;789012;1;0;1;0;0
1268;789031;2;0;1;0;0
1269;789039;1;0;1;1;0
1270;789995;3;0;1;1;0
1271;790995;3;0;1;1;0
1272;791995;3;0;1;1;0
1273;792995;3;0;1;1;0
1274;793995;3;0;1;1;0
1275;794995;3;0;1;1;0
1276;795995;3;0;1;1;0
1277;796995;3;0;1;1;0
1278;797842;2;0;1;1;0
1279;797849;1;0;0;0;0
1280;797996;3;0;0;0;0
1281;798996;3;0;0;0;0
1282;799996;3;0;0;0;0
1283;800996;3;0;0;0;0
1284;801996;3;0;0;0;0
1285;802996;3;0;0;0;0
1286;803996;3;0;0;0;0
1287;804996;3;0;0;0;0
1288;805996;3;0;0;0;0
1289;806996;3;0;0;0;0
1290;807996;3;0;0;0;0
1291;808998;3;0;0;0;0
1292;809005;2;0;0;0;0
1293;809014;1;0;1;0;0
1294;809033;2;0;1;0;0
1295;809041;1;0;0;0;0
1296;809996;3;0;0;0;0
1297;810996;3;0;0;0;0
1298;811996;3;0;0;0;0
1299;812996;3;0;0;0;0
1300;813996;3;0;0;0;0
1301;814996;3;0;0;0;0
1302;815996;3;0;0;0;0
1303;816996;3;0;0;0;0
1304;817996;3;0;0;0;0
1305;818996;3;0;0;0;0
1306;819996;3;0;0;0;0
1307;820996;3;0;0;0;0
1308;821996;3;0;0;0;0
1309;822996;3;0;0;0;0
1310;823996;3;0;0;0;0
1311;824996;3;0;0;0;0
1312;825996;3;0;0;0;0
1313;826996;3;0;0;0;0
1314;827996;3;0;0;0;0
1315;828998;3;0;0;0;0
1316;829005;2;0;0;0;0
1317;829014;1;0;1;0;0
1318;829033;2;0;1;0;0
1319;829041;1;0;0;0;0
1320;829996;3;0;0;0;0
1321;830996;3;0;0;0;0
1322;831996;3;0;0;0;0
1323;832996;3;0;0;0;0
1324;833996;3;0;0;0;0
1325;834996;3;0;0;0;0
1326;835996;3;0;0;0;0
1327;836996;3;0;0;0;0
1328;837998;3;0;0;0;0
1329;838005;2;0;0;0;0
1330;838014;1;0;1;1;0
1331;838995;3;0;1;1;0
1332;839995;3;0;1;1;0
1333;840995;3;0;1;1;0
1334;841995;3;0;1;1;0
1335;842995;3;0;1;1;0
1336;843995;3;0;1;1;0
1337;844995;3;0;1;1;0
1338;845995;3;0;1;1;0
1339;846995;3;0;1;1;0
1340;847995;3;0;1;1;0
1341;848997;3;0;1;1;0
1342;849004;2;0;1;1;0
1343;849012;1;0;1;0;0
1344;849031;2;0;1;0;0
1345;849039;1;0;1;1;0
1346;849995;3;0;1;1;0
1347;850995;3;0;1;1;0
1348;851995;3;0;1;1;0
1349;852995;3;0;1;1;0
1350;853995;3;0;1;1;0
1351;854995;3;0;1;1;0
1352;855995;3;0;1;1;0
1353;856995;3;0;1;1;0
1354;857995;3;0;1;1;0
1355;858995;3;0;1;1;0
1356;859995;3;0;1;1;0
1357;860995;3;0;1;1;0
1358;861995;3;0;1;1;0
1359;862995;3;0;1;1;0
1360;863995;3;0;1;1;0
1361;864995;3;0;1;1;0
1362;865995;3;0;1;1;0
1363;866995;3;0;1;1;0
1364;867995;3;0;1;1;0
1365;868680;2;0;1;1;0
1366;868688;1;0;0;0;0
1367;868998;3;0;0;0;0
1368;869005;2;0;0;0;0
1369;869014;1;0;1;0;0
1370;869033;2;0;1;0;0
1371;869041;1;0;0;0;0
1372;869996;3;0;0;0;0
1373;870996;3;0;0;0;0
1374;871996;3;0;0;0;0
1375;872996;3;0;0;0;0
1376;873996;3;0;0;0;0
1377;874996;3;0;0;0;0
1378;875996;3;0;0;0;0
1379;876996;3;0;0;0;0
1380;877996;3;0;0;0;0
1381;878996;3;0;0;0;0
1382;879996;3;0;0;0;0
1383;880996;3;0;0;0;0
1384;881996;3;0;0;0;0
1385;882996;3;0;0;0;0
1386;883996;3;0;0;0;0
1387;884996;3;0;0;0;0
1388;885996;3;0;0;0;0
1389;886996;3;0;0;0;0
1390;887996;3;0;0;0;0
1391;888998;3;0;0;0;0
1392;889005;2;0;0;0;0
1393;889014;1;0;1;0;0
1394;889033;2;0;1;0;0
1395;889041;1;0;0;0;0
1396;889996;3;0;0;0;0
1397;890996;3;0;0;0;0
1398;891996;3;0;0;0;0
1399;892996;3;0;0;0;0
1400;893996;3;0;0;0;0
1401;894996;3;0;0;0;0
1402;895996;3;0;0;0;0
1403;896996;3;0;0;0;0
1404;897996;3;0;0;0;0
1405;898996;3;0;0;0;0
1406;899996;3;0;0;0;0
1407;900996;3;0;0;0;0
1408;901996;3;0;0;0;0
1409;902996;3;0;0;0;0
1410;903996;3;0;0;0;0
1411;904996;3;0;0;0;0
1412;905996;3;0;0;0;0
1413;906996;3;0;0;0;0
1414;907996;3;0;0;0;0
1415;908998;3;0;0;0;0
1416;909005;2;0;0;0;0
1417;909014;1;0;1;0;0
1418;909033;2;0;1;0;0
1419;909041;1;0;0;0;0
1420;909996;3;0;0;0;0
1421;910996;3;0;0;0;0
1422;911996;3;0;0;0;0
1423;912996;3;0;0;0;0
1424;913996;3;0;0;0;0
1425;914996;3;0;0;0;0
1426;915996;3;0;0;0;0
1427;916996;3;0;0;0;0
1428;917996;3;0;0;0;0
1429;918996;3;0;0;0;0
1430;919996;3;0;0;0;0
1431;920996;3;0;0;0;0
1432;921996;3;0;0;0;0
1433;922996;3;0;0;0;0
1434;923996;3;0;0;0;0
1435;924996;3;0;0;0;0
1436;925996;3;0;0;0;0
1437;926996;3;0;0;0;0
1438;927996;3;0;0;0;0
1439;928998;3;0;0;0;0
1440;929005;2;0;0;0;0
1441;929014;1;0;1;0;0
1442;929033;2;0;1;0;0
1443;929041;1;0;0;0;0
1444;929996;3;0;0;0;0
1445;930996;3;0;0;0;0
1446;931996;3;0;0;0;0
1447;932996;3;0;0;0;0
1448;933996;3;0;0;0;0
1449;934996;3;0;0;0;0
1450;935996;3;0;0;0;0
1451;936996;3;0;0;0;0
1452;937998;3;0;0;0;0
1453;938005;2;0;0;0;0
1454;938014;1;0;1;1;0
1455;938995;3;0;1;1;0
1456;939995;3;0;1;1;0
1457;940995;3;0;1;1;0
1458;941995;3;0;1;1;0
1459;942995;3;0;1;1;0
1460;943995;3;0;1;1;0
1461;944995;3;0;1;1;0
1462;945995;3;0;1;1;0
1463;946995;3;0;1;1;0
1464;947995;3;0;1;1;0
1465;948997;3;0;1;1;0
1466;949004;2;0;1;1;0
1467;949012;1;0;1;0;0
1468;949031;2;0;1;0;0
1469;949039;1;0;1;1;0
1470;949995;3;0;1;1;0
1471;950995;3;0;1;1;0
1472;951995;3;0;1;1;0
1473;952995;3;0;1;1;0
1474;953995;3;0;1;1;0
1475;954995;3;0;1;1;0
1476;955995;3;0;1;1;0
1477;956995;3;0;1;1;0
1478;957995;3;0;1;1;0
1479;958995;3;0;1;1;0
1480;959995;3;0;1;1;0
1481;960995;3;0;1;1;0
1482;961995;3;0;1;1;0
1483;962995;3;0;1;1;0
1484;963995;3;0;1;1;0
1485;964995;3;0;1;1;0
1486;965995;3;0;1;1;0
1487;966995;3;0;1;1;0
1488;967995;3;0;1;1;0
1489;968680;2;0;1;1;0
1490;968688;1;0;0;0;0
1491;968998;3;0;0;0;0
1492;969005;2;0;0;0;0
1493;969014;1;0;1;0;0
1494;969033;2;0;1;0;0
1495;969041;1;0;0;0;0
1496;969996;3;0;0;0;0
1497;970996;3;0;0;0;0
1498;971996;3;0;0;0;0
1499;972996;3;0;0;0;0
1500;973996;3;0;0;0;0
1501;974996;3;0;0;0;0
1502;975996;3;0;0;0;0
1503;976996;3;0;0;0;0
1504;977996;3;0;0;0;0
1505;978996;3;0;0;0;0
1506;979996;3;0;0;0;0
1507;980996;3;0;0;0;0
1508;981996;3;0;0;0;0
1509;982996;3;0;0;0;0
1510;983996;3;0;0;0;0
1511;984996;3;0;0;0;0
1512;985996;3;0;0;0;0
1513;986996;3;0;0;0;0
1514;987996;3;0;0;0;0
1515;988998;3;0;0;0;0
1516;989005;2;0;0;0;0
1517;989014;1;0;1;0;0
1518;989033;2;0;1;0;0
1519;989041;1;0;0;0;0
1520;989996;3;0;0;0;0
1521;990996;3;0;0;0;0
1522;991996;3;0;0;0;0
1523;992996;3;0;0;0;0
1524;993996;3;0;0;0;0
1525;994996;3;0;0;0;0
1526;995996;3;0;0;0;0
1527;996996;3;0;0;0;0
1528;997996;3;0;0;0;0
1529;998996;3;0;0;0;0
1530;999996;3;0;0;0;0
1531;1000996;3;0;0;0;0
1532;1001996;3;0;0;0;0
1533;1002996;3;0;0;0;0
1534;1003996;3;0;0;0;0
1535;1004996;3;0;0;0;0
1536;1005996;3;0;0;0;0
1537;1006996;3;0;0;0;0
1538;1007996;3;0;0;0;0
1539;1008998;3;0;0;0;0
1540;1009005;2;0;0;0;0
1541;1009014;1;0;1;0;0
1542;1009033;2;0;1;0;0
1543;1009041;1;0;0;0;0
1544;1009996;3;0;0;0;0
1545;1010996;3;0;0;0;0
1546;1011996;3;0;0;0;0
1547;1012996;3;0;0;0;0
1548;1013996;3;0;0;0;0
1549;1014996;3;0;0;0;0
1550;1015996;3;0;0;0;0
1551;1016996;3;0;0;0;0
1552;1017996;3;0;0;0;0
1553;1018996;3;0;0;0;0
1554;1019996;3;0;0;0;0
1555;1020996;3;0;0;0;0
1556;1021996;3;0;0;0;0
1557;1022996;3;0;0;0;0
1558;1023996;3;0;0;0;0
1559;1024996;3;0;0;0;0
1560;1025996;3;0;0;0;0
1561;1026996;3;0;0;0;0
1562;1027996;3;0;0;0;0
1563;1028998;3;0;0;0;0
1564;1029005;2;0;0;0;0
1565;1029014;1;0;1;0;0
1566;1029033;2;0;1;0;0
1567;1029042;1;0;0;0;0
1568;1029996;3;0;0;0;0
1569;1030996;3;0;0;0;0
1570;1031996;3;0;0;0;0
1571;1032996;3;0;0;0;0
1572;1033996;3;0;0;0;0
1573;1034996;3;0;0;0;0
1574;1035996;3;0;0;0;0
1575;1036996;3;0;0;0;0
1576;1037998;3;0;0;0;0
1577;1038005;2;0;0;0;0
1578;1038014;1;0;1;1;0
1579;1038997;3;0;1;1;0
1580;1039004;2;0;1;1;0
1581;1039011;1;0;2;2;0
1582;1039995;3;0;2;2;0
1583;1040995;3;0;2;2;0
1584;1041995;3;0;2;2;0
1585;1042995;3;0;2;2;0
1586;1043995;3;0;2;2;0
1587;1044995;3;0;2;2;0
1588;1045995;3;0;2;2;0
1589;1046995;3;0;2;2;0
1590;1047995;3;0;2;2;0
1591;1048997;3;0;2;2;0
1592;1049995;3;0;2;2;0
1593;1050995;3;0;2;2;0
1594;1051995;3;0;2;2;0
1595;1052995;3;0;2;2;0
1596;1053995;3;0;2;2;0
1597;1054995;3;0;2;2;0
1598;1055995;3;0;2;2;0
1599;1056995;3;0;2;2;0
1600;1057995;3;0;2;2;0
1601;1058995;3;0;2;2;0
1602;1059995;3;0;2;2;0
1603;1060995;3;0;2;2;0
1604;1061995;3;0;2;2;0
1605;1062995;3;0;2;2;0
1606;1063995;3;0;2;2;0
1607;1064995;3;0;2;2;0
1608;1065995;3;0;2;2;0
1609;1066995;3;0;2;2;0
1610;1067995;3;0;2;2;0
1611;1068995;3;0;2;2;0
1612;1069995;3;0;2;2;0
1613;1070995;3;0;2;2;0
1614;1071995;3;0;2;2;0
1615;1072995;3;0;2;2;0
1616;1073995;3;0;2;2;0
1617;1074995;3;0;2;2;0
1618;1075995;3;0;2;2;0
1619;1076995;3;0;2;2;0
1620;1077995;3;0;2;2;0
1621;1078995;3;0;2;2;0
1622;1079995;3;0;2;2;0
1623;1080995;3;0;2;2;0
1624;1081995;3;0;2;2;0
1625;1082995;3;0;2;2;0
1626;1083995;3;0;2;2;0
1627;1084995;3;0;2;2;0
1628;1085995;3;0;2;2;0
1629;1086995;3;0;2;2;0
1630;1087995;3;0;2;2;0
1631;1088995;3;0;2;2;0
1632;1089995;3;0;2;2;0
1633;1090995;3;0;2;2;0
1634;1091995;3;0;2;2;0
1635;1092995;3;0;2;2;0
1636;1093995;3;0;2;2;0
1637;1094995;3;0;2;2;0
1638;1095995;3;0;2;2;0
1639;1096995;3;0;2;2;0
1640;1097995;3;0;2;2;0
1641;1098995;3;0;2;2;0
1642;1099995;3;0;2;2;0
1643;1100995;3;0;2;2;0
1644;1101995;3;0;2;2;0
1645;1102995;3;0;2;2;0
1646;1103995;3;0;2;2;0
1647;1104995;3;0;2;2;0
1648;1105995;3;0;2;2;0
1649;1106995;3;0;2;2;0
1650;1107995;3;0;2;2;0
1651;1108995;3;0;2;2;0
1652;1109995;3;0;2;2;0
1653;1110995;3;0;2;2;0
1654;1111995;3;0;2;2;0
1655;1112995;3;0;2;2;0
1656;1113995;3;0;2;2;0
1657;1114995;3;0;2;2;0
1658;1115400;2;0;2;2;0
1659;1115408;1;0;1;0;0
1660;1115427;2;0;1;0;0
1661;1115435;1;0;1;1;0
1662;1115995;3;0;1;1;0
1663;1116997;3;0;1;1;0
1664;1117004;2;0;1;1;0
1665;1117012;1;0;1;3;0
1666;1117995;3;0;1;3;0
1667;1118002;2;0;1;3;0
1668;1118010;1;0;1;1;0
1669;1118995;3;0;1;1;0
1670;1119002;2;0;1;1;0
1671;1119009;1;0;1;3;0
1672;1119997;3;0;1;3;0
1673;1120005;2;0;1;3;0
1674;1120012;1;0;1;1;0
1675;1120995;3;0;1;1;0
1676;1121002;2;0;1;1;0
1677;1121009;1;0;1;4;0
1678;1121995;3;0;1;4;0
1679;1122003;2;0;1;4;0
1680;1122011;1;0;1;3;0
1681;1122995;3;0;1;3;0
1682;1123002;2;0;1;3;0
1683;1123010;1;0;1;1;0
1684;1123997;3;0;1;1;0
1685;1124004;2;0;1;1;0
1686;1124012;1;0;1;4;0
1687;1124995;3;0;1;4;0
1688;1125003;2;0;1;4;0
1689;1125011;1;0;1;3;0
1690;1125995;3;0;1;3;0
1691;1126002;2;0;1;3;0
1692;1126010;1;0;1;5;0
1693;1126995;3;0;1;5;0
1694;1127003;2;0;1;5;0
1695;1127011;1;0;1;1;0
1696;1127995;3;0;1;1;0
1697;1128002;2;0;1;1;0
1698;1128009;1;0;1;4;0
1699;1128995;3;0;1;4;0
1700;1129003;2;0;1;4;0
1701;1129011;1;0;1;3;0
1702;1129995;3;0;1;3;0
1703;1130002;2;0;1;3;0
1704;1130010;1;0;1;5;0
1705;1130995;3;0;1;5;0
1706;1131003;2;0;1;5;0
1707;1131011;1;0;1;1;0
1708;1131995;3;0;1;1;0
1709;1132002;2;0;1;1;0
1710;1132009;1;0;1;4;0
1711;1132995;3;0;1;4;0
1712;1133003;2;0;1;4;0
1713;1133011;1;0;1;3;0
1714;1133995;3;0;1;3;0
1715;1134002;2;0;1;3;0
1716;1134010;1;0;1;5;0
1717;1134997;3;0;1;5;0
1718;1135005;2;0;1;5;0
1719;1135013;1;0;1;1;0
1720;1135995;3;0;1;1;0
1721;1136002;2;0;1;1;0
1722;1136009;1;0;1;4;0
1723;1136995;3;0;1;4;0
1724;1137003;2;0;1;4;0
1725;1137011;1;0;1;3;0
1726;1137995;3;0;1;3;0
1727;1138002;2;0;1;3;0
1728;1138010;1;0;1;0;0
1729;1138029;2;0;1;0;0
1730;1138037;1;0;1;5;0
1731;1138995;3;0;1;5;0
1732;1139003;2;0;1;5;0
1733;1139011;1;0;1;1;0
1734;1139995;3;0;1;1;0
1735;1140002;2;0;1;1;0
1736;1140009;1;0;1;4;0
1737;1140995;3;0;1;4;0
1738;1141003;2;0;1;4;0
1739;1141011;1;0;1;3;0
1740;1141995;3;0;1;3;0
1741;1142002;2;0;1;3;0
1742;1142010;1;0;1;5;0
1743;1142995;3;0;1;5;0
1744;1143003;2;0;1;5;0
1745;1143011;1;0;1;1;0
1746;1143995;3;0;1;1;0
1747;1144002;2;0;1;1;0
1748;1144009;1;0;1;4;0
1749;1144995;3;0;1;4;0
1750;1145003;2;0;1;4;0
1751;1145011;1;0;1;3;0
1752;1145995;3;0;1;3;0
1753;1146002;2;0;1;3;0
1754;1146010;1;0;1;5;0
1755;1146995;3;0;1;5;0
1756;1147003;2;0;1;5;0
1757;1147011;1;0;1;1;0
1758;1147995;3;0;1;1;0
1759;1148002;2;0;1;1;0
1760;1148009;1;0;1;4;0
1761;1148995;3;0;1;4;0
1762;1149003;2;0;1;4;0
1763;1149011;1;0;1;3;0
1764;1149995;3;0;1;3;0
1765;1150002;2;0;1;3;0
1766;1150010;1;0;1;5;0
1767;1150995;3;0;1;5;0
1768;1151003;2;0;1;5;0
1769;1151011;1;0;1;1;0
1770;1151995;3;0;1;1;0
1771;1152002;2;0;1;1;0
1772;1152009;1;0;1;4;0
1773;1152995;3;0;1;4;0
1774;1153003;2;0;1;4;0
1775;1153011;1;0;1;3;0
1776;1153995;3;0;1;3;0
1777;1154002;2;0;1;3;0
1778;1154010;1;0;1;5;0
1779;1154995;3;0;1;5;0
1780;1155003;2;0;1;5;0
1781;1155011;1;0;1;1;0
1782;1155995;3;0;1;1;0
1783;1156002;2;0;1;1;0
1784;1156009;1;0;1;4;0
1785;1156995;3;0;1;4;0
1786;1157003;2;0;1;4;0
1787;1157011;1;0;1;3;0
1788;1157997;3;0;1;3;0
1789;1158005;2;0;1;3;0
1790;1158012;1;0;1;5;0
1791;1158995;3;0;1;5;0
1792;1159003;2;0;1;5;0
1793;1159011;1;0;1;1;0
1794;1159995;3;0;1;1;0
1795;1160002;2;0;1;1;0
1796;1160009;1;0;1;4;0
1797;1160995;3;0;1;4;0
1798;1161003;2;0;1;4;0
1799;1161011;1;0;1;0;0
1800;1161030;2;0;1;0;0
1801;1161038;1;0;1;3;0
1802;1161995;3;0;1;3;0
1803;1162002;2;0;1;3;0
1804;1162010;1;0;1;5;0
1805;1162995;3;0;1;5;0
1806;1163003;2;0;1;5;0
1807;1163011;1;0;1;1;0
1808;1163995;3;0;1;1;0
1809;1164002;2;0;1;1;0
1810;1164009;1;0;1;4;0
1811;1164995;3;0;1;4;0
1812;1165003;2;0;1;4;0
1813;1165011;1;0;1;3;0
1814;1165995;3;0;1;3;0
1815;1166002;2;0;1;3;0
1816;1166010;1;0;1;5;0
1817;1166995;3;0;1;5;0
1818;1167003;2;0;1;5;0
1819;1167011;1;0;1;1;0
1820;1167995;3;0;1;1;0
1821;1168002;2;0;1;1;0
1822;1168009;1;0;1;4;0
1823;1168995;3;0;1;4;0
1824;1169003;2;0;1;4;0
1825;1169011;1;0;1;3;0
1826;1169995;3;0;1;3;0
1827;1170002;2;0;1;3;0
1828;1170010;1;0;1;5;0
1829;1170995;3;0;1;5;0
1830;1171003;2;0;1;5;0
1831;1171011;1;0;1;1;0
1832;1171995;3;0;1;1;0
1833;1172002;2;0;1;1;0
1834;1172009;1;0;1;4;0
1835;1172995;3;0;1;4;0
1836;1173003;2;0;1;4;0
1837;1173011;1;0;1;3;0
1838;1173995;3;0;1;3;0
1839;1174002;2;0;1;3;0
1840;1174010;1;0;1;5;0
1841;1174995;3;0;1;5;0
1842;1175003;2;0;1;5;0
1843;1175011;1;0;1;1;0
1844;1175995;3;0;1;1;0
1845;1176002;2;0;1;1;0
1846;1176009;1;0;1;4;0
1847;1176995;3;0;1;4;0
1848;1177003;2;0;1;4;0
1849;1177011;1;0;1;3;0
1850;1177995;3;0;1;3;0
1851;1178002;2;0;1;3;0
1852;1178010;1;0;1;5;0
1853;1178995;3;0;1;5;0
1854;1179003;2;0;1;5;0
1855;1179011;1;0;1;1;0
1856;1179995;3;0;1;1;0
1857;1180002;2;0;1;1;0
1858;1180009;1;0;1;4;0
1859;1180997;3;0;1;4;0
1860;1181005;2;0;1;4;0
1861;1181013;1;0;1;3;0
1862;1181995;3;0;1;3;0
1863;1182002;2;0;1;3;0
1864;1182010;1;0;1;5;0
1865;1182995;3;0;1;5;0
1866;1183003;2;0;1;5;0
1867;1183011;1;0;1;1;0
1868;1183995;3;0;1;1;0
1869;1184002;2;0;1;1;0
1870;1184009;1;0;1;0;0
1871;1184029;2;0;1;0;0
1872;1184037;1;0;1;4;0
1873;1184995;3;0;1;4;0
1874;1185003;2;0;1;4;0
1875;1185011;1;0;1;3;0
1876;1185995;3;0;1;3;0
1877;1186002;2;0;1;3;0
1878;1186010;1;0;1;5;0
1879;1186995;3;0;1;5;0
1880;1187003;2;0;1;5;0
1881;1187011;1;0;1;1;0
1882;1187995;3;0;1;1;0
1883;1188002;2;0;1;1;0
1884;1188009;1;0;1;4;0
1885;1188995;3;0;1;4;0
1886;1189003;2;0;1;4;0
1887;1189011;1;0;1;3;0
1888;1189995;3;0;1;3;0
1889;1190002;2;0;1;3;0
1890;1190010;1;0;1;5;0
1891;1190995;3;0;1;5;0
1892;1191003;2;0;1;5;0
1893;1191011;1;0;1;1;0
1894;1191995;3;0;1;1;0
1895;1192002;2;0;1;1;0
1896;1192009;1;0;1;4;0
1897;1192995;3;0;1;4;0
1898;1193003;2;0;1;4;0
1899;1193011;1;0;1;3;0
1900;1193995;3;0;1;3;0
1901;1194002;2;0;1;3;0
1902;1194010;1;0;1;5;0
1903;1194995;3;0;1;5;0
1904;1195003;2;0;1;5;0
1905;1195011;1;0;1;1;0
1906;1195995;3;0;1;1;0
1907;1196002;2;0;1;1;0
1908;1196009;1;0;1;4;0
1909;1196995;3;0;1;4;0
1910;1197003;2;0;1;4;0
1911;1197011;1;0;1;3;0
1912;1197995;3;0;1;3;0
1913;1198002;2;0;1;3;0
1914;1198010;1;0;1;5;0
1915;1198995;3;0;1;5;0
1916;1199003;2;0;1;5;0
1917;1199011;1;0;1;1;0
1918;1199995;3;0;1;1;0
1919;1200002;2;0;1;1;0
1920;1200009;1;0;1;4;0
1921;1200995;3;0;1;4;0
1922;1201003;2;0;1;4;0
1923;1201011;1;0;1;3;0
1924;1201995;3;0;1;3;0
1925;1202002;2;0;1;3;0
1926;1202010;1;0;1;5;0
1927;1202995;3;0;1;5;0
1928;1203003;2;0;1;5;0
1929;1203011;1;0;1;1;0
1930;1203997;3;0;1;1;0
1931;1204004;2;0;1;1;0
1932;1204012;1;0;1;4;0
1933;1204995;3;0;1;4;0
1934;1205003;2;0;1;4;0
1935;1205011;1;0;1;3;0
1936;1205995;3;0;1;3;0
1937;1206002;2;0;1;3;0
1938;1206010;1;0;1;5;0
1939;1206995;3;0;1;5;0
1940;1207003;2;0;1;5;0
1941;1207011;1;0;1;0;0
1942;1207030;2;0;1;0;0
1943;1207038;1;0;1;1;0
1944;1207995;3;0;1;1;0
1945;1208002;2;0;1;1;0
1946;1208009;1;0;1;4;0
1947;1208995;3;0;1;4;0
1948;1209003;2;0;1;4;0
1949;1209011;1;0;1;3;0
1950;1209995;3;0;1;3;0
1951;1210002;2;0;1;3;0
1952;1210010;1;0;1;5;0
1953;1210995;3;0;1;5;0
1954;1211003;2;0;1;5;0
1955;1211011;1;0;1;1;0
1956;1211995;3;0;1;1;0
1957;1212002;2;0;1;1;0
1958;1212009;1;0;1;4;0
1959;1212995;3;0;1;4;0
1960;1213003;2;0;1;4;0
1961;1213011;1;0;1;3;0
1962;1213995;3;0;1;3;0
1963;1214002;2;0;1;3;0
1964;1214010;1;0;1;5;0
1965;1214995;3;0;1;5;0
1966;1215003;2;0;1;5;0
1967;1215011;1;0;1;1;0
1968;1215995;3;0;1;1;0
1969;1216002;2;0;1;1;0
1970;1216009;1;0;1;4;0
1971;1216995;3;0;1;4;0
1972;1217003;2;0;1;4;0
1973;1217011;1;0;1;3;0
1974;1217995;3;0;1;3;0
1975;1218002;2;0;1;3;0
1976;1218010;1;0;1;5;0
1977;1218995;3;0;1;5;0
1978;1219003;2;0;1;5;0
1979;1219011;1;0;1;1;0
1980;1219995;3;0;1;1;0
1981;1220002;2;0;1;1;0
1982;1220009;1;0;1;4;0
1983;1220995;3;0;1;4;0
1984;1221003;2;0;1;4;0
1985;1221011;1;0;1;3;0
1986;1221995;3;0;1;3;0
1987;1222002;2;0;1;3;0
1988;1222010;1;0;1;5;0
1989;1222995;3;0;1;5;0
1990;1223003;2;0;1;5;0
1991;1223011;1;0;1;1;0
1992;1223995;3;0;1;1;0
1993;1224002;2;0;1;1;0
1994;1224009;1;0;1;4;0
1995;1224995;3;0;1;4;0
1996;1225003;2;0;1;4;0
1997;1225011;1;0;1;3;0
1998;1225995;3;0;1;3;0
1999;1226002;2;0;1;3;0
2000;1226010;1;0;1;5;0
2001;1226997;3;0;1;5;0
2002;1227005;2;0;1;5;0
2003;1227013;1;0;1;1;0
2004;1227554;2;0;1;1;0
2005;1227561;1;0;1;4;0
2006;1227995;3;0;1;4;0
2007;1228003;2;0;1;4;0
2008;1228011;1;0;1;3;0
2009;1228995;3;0;1;3;0
2010;1229002;2;0;1;3;0
2011;1229010;1;0;1;0;0
2012;1229029;2;0;1;0;0
2013;1229037;1;0;1;5;0
2014;1229995;3;0;1;5;0
2015;1230003;2;0;1;5;0
2016;1230011;1;0;1;1;0
2017;1230995;3;0;1;1;0
2018;1231002;2;0;1;1;0
2019;1231009;1;0;1;4;0
2020;1231995;3;0;1;4;0
2021;1232003;2;0;1;4;0
2022;1232011;1;0;1;3;0
2023;1232995;3;0;1;3;0
2024;1233002;2;0;1;3;0
2025;1233010;1;0;1;5;0
2026;1233995;3;0;1;5;0
2027;1234003;2;0;1;5;0
2028;1234011;1;0;1;1;0
2029;1234995;3;0;1;1;0
2030;1235002;2;0;1;1;0
2031;1235009;1;0;1;4;0
2032;1235105;2;0;1;4;0
2033;1235113;1;0;1;3;0
2034;1235243;2;0;1;3;0
2035;1235251;1;0;1;5;0
2036;1235995;3;0;1;5;0
2037;1236003;2;0;1;5;0
2038;1236011;1;0;1;1;0
2039;1236995;3;0;1;1;0
2040;1237002;2;0;1;1;0
2041;1237009;1;0;1;5;0
2042;1237995;3;0;1;5;0
2043;1238003;2;0;1;5;0
2044;1238011;1;0;1;1;0
2045;1238995;3;0;1;1;0
2046;1239002;2;0;1;1;0
2047;1239009;1;0;1;5;0
